{"stats":{"minecraft:mined":{"iceandfire:copper_ore":1,"minecraft:iron_ore":39,"minecraft:andesite":2,"minecraft:coal_ore":34,"minecraft:grass":13,"minecraft:grass_block":1,"minecraft:oak_log":4,"minecraft:tall_grass":3,"minecraft:stone":10,"minecraft:wall_torch":1,"minecraft:oak_leaves":2},"minecraft:dropped":{"minecraft:rotten_flesh":2},"minecraft:killed":{"minecraft:sheep":2,"minecraft:zombie":2,"minecraft:pig":3,"minecraft:chicken":7},"minecraft:picked_up":{"minecraft:feather":4,"minecraft:chicken":7,"iceandfire:copper_ore":1,"minecraft:andesite":4,"spartanweaponry:pike_iron":1,"minecraft:torch":5,"tconstruct:materials_and_you":1,"minecraft:porkchop":5,"minecraft:oak_log":4,"minecraft:diorite":1,"minecraft:dirt":2,"alexsmobs:animal_dictionary":1,"spartanweaponry:longsword_iron":1,"chococraft:chocobo_feather":1,"minecraft:smooth_sandstone":2,"minecraft:cactus":10,"minecraft:rotten_flesh":8,"minecraft:apple":1,"minecraft:wheat_seeds":3,"minecraft:iron_ore":39,"minecraft:gold_ingot":1,"minecraft:terracotta":1,"minecraft:coal":34,"minecraft:mutton":4,"minecraft:oak_planks":10,"minecraft:white_wool":2,"minecraft:cobblestone":105},"minecraft:custom":{"minecraft:time_since_rest":14403,"minecraft:interact_with_furnace":21,"minecraft:sprint_one_cm":75224,"minecraft:damage_taken":387,"minecraft:walk_one_cm":55764,"minecraft:mob_kills":16,"minecraft:drop":2,"minecraft:damage_dealt":1348,"minecraft:swim_one_cm":556,"minecraft:interact_with_crafting_table":7,"minecraft:fly_one_cm":165649,"minecraft:open_chest":2,"minecraft:crouch_one_cm":1394,"minecraft:play_one_minute":24784,"minecraft:deaths":1,"minecraft:walk_under_water_one_cm":288,"minecraft:sneak_time":378,"minecraft:jump":843,"minecraft:time_since_death":18541,"minecraft:walk_on_water_one_cm":3597,"minecraft:sleep_in_bed":1,"minecraft:fall_one_cm":20399},"minecraft:used":{"minecraft:cooked_mutton":2,"minecraft:diorite":1,"minecraft:stone_pickaxe":86,"minecraft:smooth_sandstone":2,"minecraft:torch":16,"minecraft:dirt":1,"minecraft:cobblestone":5,"minecraft:terracotta":1,"spartanweaponry:longsword_iron":50,"minecraft:crafting_table":2,"minecraft:furnace":1,"minecraft:cooked_porkchop":1},"minecraft:crafted":{"minecraft:oak_planks":16,"minecraft:iron_boots":1,"minecraft:iron_chestplate":1,"minecraft:cooked_porkchop":1,"minecraft:crafting_table":2,"minecraft:stick":16,"minecraft:iron_helmet":1,"minecraft:iron_ingot":24,"minecraft:cooked_chicken":8,"minecraft:stone_pickaxe":2,"minecraft:iron_leggings":1,"minecraft:furnace":1,"minecraft:torch":20,"minecraft:air":0,"minecraft:cooked_mutton":9}},"DataVersion":2586}