{"stats":{"minecraft:mined":{"minecraft:dark_oak_planks":1,"minecraft:diamond_ore":21,"minecraft:white_bed":3,"minecraft:dark_oak_leaves":1,"minecraft:dark_oak_log":63,"minecraft:granite":47,"minecraft:grass_block":21,"minecraft:redstone_ore":10,"iceandfire:copper_ore":1,"minecraft:iron_ore":121,"minecraft:fire":8,"minecraft:andesite":28,"chococraft:gysahl_green":1,"minecraft:stone":603,"minecraft:smooth_sandstone":1,"minecraft:crafting_table":5,"minecraft:torch":7,"minecraft:tall_grass":10,"minecraft:cobblestone":11,"iceandfire:amythest_ore":2,"minecraft:lapis_ore":2,"minecraft:diorite":41,"minecraft:wall_torch":2,"minecraft:birch_leaves":1,"minecraft:grass":50,"minecraft:oak_log":12,"minecraft:coal_ore":63,"minecraft:sunflower":4,"minecraft:sand":4,"minecraft:dirt":35,"minecraft:gold_ore":67,"minecraft:oak_leaves":8},"minecraft:dropped":{"minecraft:iron_ingot":25,"minecraft:bread":17,"minecraft:wheat_seeds":18,"minecraft:cooked_porkchop":1,"minecraft:cobblestone":15,"chococraft:gysahl_green_seeds":1,"minecraft:granite":36,"inventorypets:pet_enderman":1,"minecraft:stick":3,"minecraft:dirt":5,"tconstruct:materials_and_you":2,"minecraft:diorite":38,"inventorypets:nugget_diamond":4,"minecraft:sunflower":7,"spartanweaponry:longsword_iron":1,"minecraft:iron_pickaxe":2,"minecraft:cactus":5,"minecraft:white_wool":2,"minecraft:dandelion":1,"iceandfire:amythest_gem":1,"minecraft:bone":12,"minecraft:gravel":2,"alexsmobs:gazelle_horn":2,"minecraft:cooked_chicken":1,"alexsmobs:animal_dictionary":2,"chococraft:chocobo_feather":2,"minecraft:rotten_flesh":40,"minecraft:iron_boots":1,"minecraft:oak_planks":1,"iceandfire:silver_ore":16,"minecraft:iron_hoe":3,"minecraft:cooked_mutton":3,"iceandfire:copper_ore":1,"minecraft:flint_and_steel":1,"minecraft:gunpowder":1,"minecraft:andesite":4,"inventorypets:nugget_lapis":12,"minecraft:iron_ore":23,"minecraft:arrow":1,"minecraft:bow":4,"minecraft:stone_pickaxe":1,"waystones:waystone":2},"minecraft:killed":{"alexsmobs:rattlesnake":1,"minecraft:skeleton":8,"minecraft:chicken":9,"minecraft:husk":1,"minecraft:pig":16,"minecraft:sheep":4,"minecraft:zombie":13,"alexsmobs:gazelle":4,"minecraft:blaze":1,"minecraft:enderman":1},"minecraft:picked_up":{"minecraft:crafting_table":5,"minecraft:chicken":9,"iceandfire:copper_ore":1,"inventorypets:pet_enderman":1,"tconstruct:materials_and_you":2,"inventorypets:nugget_lapis":8,"alexsmobs:gazelle_horn":2,"minecraft:flint_and_steel":1,"iceandfire:amythest_gem":4,"minecraft:iron_pickaxe":2,"minecraft:iron_boots":1,"minecraft:furnace":5,"minecraft:stick":4,"minecraft:torch":13,"iceandfire:silver_ore":32,"minecraft:porkchop":43,"minecraft:diorite":70,"minecraft:redstone":45,"minecraft:dark_oak_planks":1,"minecraft:arrow":8,"minecraft:cactus":10,"minecraft:rotten_flesh":42,"minecraft:gold_ingot":1,"minecraft:mutton":9,"minecraft:white_wool":5,"minecraft:cobblestone":521,"minecraft:feather":6,"minecraft:andesite":10,"minecraft:oak_log":12,"minecraft:yellow_bed":1,"minecraft:gunpowder":1,"minecraft:lapis_lazuli":13,"minecraft:dirt":66,"chococraft:chocobo_feather":2,"minecraft:smooth_sandstone":3,"minecraft:bone":12,"chococraft:gysahl_green":3,"minecraft:apple":1,"minecraft:bow":4,"minecraft:wheat_seeds":21,"minecraft:iron_ore":107,"minecraft:oak_planks":31,"spartanweaponry:pike_iron":1,"minecraft:dandelion":1,"minecraft:gravel":2,"minecraft:sand":1,"chococraft:gysahl_green_seeds":1,"minecraft:white_bed":3,"minecraft:cyan_bed":3,"minecraft:gold_ore":67,"minecraft:dark_oak_log":62,"alexsmobs:animal_dictionary":2,"spartanweaponry:longsword_iron":1,"minecraft:iron_hoe":2,"minecraft:diamond":21,"waystones:waystone":2,"minecraft:granite":36,"minecraft:bread":26,"minecraft:terracotta":1,"minecraft:coal":110,"minecraft:sunflower":7},"minecraft:broken":{"minecraft:iron_pickaxe":3},"minecraft:custom":{"minecraft:mob_kills":62,"minecraft:interact_with_crafting_table":30,"minecraft:damage_dealt_resisted":392,"minecraft:leave_game":9,"minecraft:time_since_death":193598,"minecraft:sprint_one_cm":388624,"minecraft:walk_one_cm":321899,"minecraft:damage_blocked_by_shield":950,"minecraft:drop":143,"minecraft:talked_to_villager":1,"minecraft:deaths":1,"minecraft:sneak_time":9606,"minecraft:walk_under_water_one_cm":45144,"minecraft:jump":4709,"minecraft:walk_on_water_one_cm":24647,"minecraft:interact_with_furnace":83,"minecraft:play_one_minute":199841,"minecraft:sleep_in_bed":5,"minecraft:time_since_rest":101557,"minecraft:damage_taken":2742,"minecraft:damage_dealt":7754,"minecraft:swim_one_cm":12128,"minecraft:fly_one_cm":3430396,"minecraft:open_chest":40,"minecraft:crouch_one_cm":22367,"minecraft:fall_one_cm":187482},"minecraft:used":{"minecraft:iron_shovel":33,"minecraft:chest":1,"minecraft:shield":29,"minecraft:cooked_chicken":9,"minecraft:torch":71,"minecraft:dirt":61,"minecraft:snowball":14,"minecraft:dark_oak_planks":213,"minecraft:iron_axe":177,"minecraft:smooth_sandstone":3,"minecraft:furnace":9,"minecraft:cooked_mutton":15,"minecraft:water_bucket":5,"minecraft:diorite":8,"minecraft:stone_pickaxe":90,"minecraft:oak_planks":16,"minecraft:sand":1,"minecraft:terracotta":1,"minecraft:crafting_table":10,"minecraft:white_bed":4,"minecraft:apple":1,"minecraft:bread":9,"minecraft:cyan_bed":3,"minecraft:iron_pickaxe":938,"spartanweaponry:pike_iron":16,"spartanweaponry:longsword_iron":209,"minecraft:cobblestone":264,"minecraft:cooked_porkchop":15,"minecraft:bucket":6,"minecraft:andesite":5,"chococraft:gysahl_green":3,"minecraft:yellow_bed":1},"minecraft:crafted":{"minecraft:oak_planks":48,"minecraft:cooked_chicken":10,"minecraft:furnace":4,"minecraft:cooked_mutton":18,"minecraft:iron_boots":1,"minecraft:iron_axe":1,"minecraft:iron_hoe":1,"minecraft:stone_pickaxe":2,"minecraft:chest":1,"minecraft:dark_oak_planks":248,"minecraft:cooked_porkchop":29,"minecraft:crafting_table":5,"minecraft:iron_helmet":1,"minecraft:bucket":1,"minecraft:air":0,"minecraft:iron_chestplate":1,"minecraft:shield":1,"minecraft:stick":44,"minecraft:iron_ingot":87,"minecraft:iron_pickaxe":4,"minecraft:gold_ingot":3,"minecraft:iron_shovel":1,"minecraft:iron_leggings":1,"minecraft:white_bed":1,"minecraft:torch":100}},"DataVersion":2586}