{"stats":{"minecraft:mined":{"minecraft:granite":4,"minecraft:grass_block":2,"minecraft:tall_grass":3,"minecraft:lapis_ore":2,"minecraft:wall_torch":1,"iceandfire:copper_ore":1,"minecraft:iron_ore":79,"minecraft:andesite":3,"minecraft:grass":13,"minecraft:oak_log":4,"minecraft:coal_ore":38,"minecraft:dirt":2,"minecraft:stone":20,"minecraft:gold_ore":5,"minecraft:oak_leaves":2},"minecraft:dropped":{"minecraft:rotten_flesh":2},"minecraft:killed":{"minecraft:pig":3,"minecraft:sheep":2,"minecraft:zombie":10,"minecraft:chicken":7},"minecraft:picked_up":{"minecraft:feather":4,"minecraft:chicken":7,"iceandfire:copper_ore":1,"minecraft:andesite":5,"tconstruct:materials_and_you":1,"minecraft:oak_log":4,"minecraft:lapis_lazuli":13,"minecraft:dirt":5,"chococraft:chocobo_feather":1,"minecraft:smooth_sandstone":2,"minecraft:apple":1,"minecraft:wheat_seeds":3,"minecraft:iron_ore":79,"minecraft:oak_planks":10,"minecraft:torch":5,"spartanweaponry:pike_iron":1,"minecraft:porkchop":5,"minecraft:diorite":1,"minecraft:gold_ore":5,"alexsmobs:animal_dictionary":1,"spartanweaponry:longsword_iron":1,"minecraft:cactus":10,"minecraft:rotten_flesh":11,"minecraft:granite":4,"minecraft:gold_ingot":1,"minecraft:terracotta":1,"minecraft:mutton":4,"minecraft:coal":38,"minecraft:white_wool":2,"minecraft:cobblestone":115},"minecraft:custom":{"minecraft:interact_with_furnace":28,"minecraft:mob_kills":24,"minecraft:interact_with_crafting_table":9,"minecraft:play_one_minute":36784,"minecraft:time_since_death":30541,"minecraft:sleep_in_bed":1,"minecraft:time_since_rest":26403,"minecraft:sprint_one_cm":107987,"minecraft:damage_taken":535,"minecraft:walk_one_cm":78803,"minecraft:drop":2,"minecraft:damage_dealt":2481,"minecraft:swim_one_cm":556,"minecraft:fly_one_cm":202749,"minecraft:open_chest":2,"minecraft:crouch_one_cm":2815,"minecraft:deaths":1,"minecraft:sneak_time":1073,"minecraft:walk_under_water_one_cm":288,"minecraft:jump":1183,"minecraft:walk_on_water_one_cm":3671,"minecraft:fall_one_cm":27337},"minecraft:used":{"minecraft:cooked_mutton":5,"minecraft:diorite":1,"minecraft:stone_pickaxe":90,"minecraft:torch":22,"minecraft:dirt":1,"minecraft:terracotta":1,"minecraft:crafting_table":2,"minecraft:apple":1,"minecraft:smooth_sandstone":2,"minecraft:iron_pickaxe":62,"spartanweaponry:pike_iron":2,"minecraft:cobblestone":44,"spartanweaponry:longsword_iron":98,"minecraft:furnace":1,"minecraft:cooked_porkchop":1},"minecraft:crafted":{"minecraft:oak_planks":16,"minecraft:cooked_porkchop":1,"minecraft:crafting_table":2,"minecraft:cooked_chicken":8,"minecraft:iron_helmet":1,"minecraft:furnace":1,"minecraft:cooked_mutton":9,"minecraft:air":0,"minecraft:iron_boots":1,"minecraft:iron_chestplate":1,"minecraft:stick":16,"minecraft:iron_ingot":62,"minecraft:iron_pickaxe":2,"minecraft:stone_pickaxe":2,"minecraft:iron_leggings":1,"minecraft:torch":20}},"DataVersion":2586}