{"stats":{"minecraft:mined":{"minecraft:diamond_ore":21,"minecraft:white_bed":3,"minecraft:granite":35,"minecraft:grass_block":19,"minecraft:redstone_ore":10,"iceandfire:copper_ore":1,"minecraft:iron_ore":121,"minecraft:fire":3,"minecraft:andesite":26,"chococraft:gysahl_green":1,"minecraft:stone":482,"minecraft:crafting_table":3,"minecraft:torch":7,"minecraft:tall_grass":10,"minecraft:cobblestone":11,"iceandfire:amythest_ore":2,"minecraft:lapis_ore":2,"minecraft:diorite":33,"minecraft:wall_torch":2,"minecraft:grass":50,"minecraft:oak_log":12,"minecraft:coal_ore":63,"minecraft:sunflower":4,"minecraft:sand":1,"minecraft:dirt":28,"minecraft:gold_ore":67,"minecraft:oak_leaves":3},"minecraft:dropped":{"minecraft:iron_ingot":25,"minecraft:bread":17,"minecraft:wheat_seeds":18,"minecraft:cooked_porkchop":1,"minecraft:cobblestone":9,"chococraft:gysahl_green_seeds":1,"minecraft:granite":36,"inventorypets:pet_enderman":1,"minecraft:dirt":1,"minecraft:diorite":25,"inventorypets:nugget_diamond":4,"minecraft:sunflower":7,"spartanweaponry:longsword_iron":1,"minecraft:iron_pickaxe":2,"minecraft:cactus":5,"minecraft:dandelion":1,"iceandfire:amythest_gem":1,"minecraft:gravel":2,"alexsmobs:gazelle_horn":1,"minecraft:cooked_chicken":1,"minecraft:rotten_flesh":22,"iceandfire:silver_ore":16,"minecraft:oak_planks":1,"minecraft:iron_boots":1,"minecraft:iron_hoe":3,"minecraft:cooked_mutton":3,"iceandfire:copper_ore":1,"minecraft:flint_and_steel":1,"minecraft:gunpowder":1,"minecraft:andesite":4,"inventorypets:nugget_lapis":12,"minecraft:iron_ore":23,"minecraft:stone_pickaxe":1,"minecraft:arrow":1,"minecraft:bow":2,"waystones:waystone":2},"minecraft:killed":{"minecraft:skeleton":8,"minecraft:chicken":9,"minecraft:husk":1,"minecraft:pig":10,"minecraft:sheep":4,"minecraft:zombie":13,"alexsmobs:gazelle":4,"minecraft:enderman":1},"minecraft:picked_up":{"minecraft:crafting_table":3,"minecraft:chicken":9,"iceandfire:copper_ore":1,"inventorypets:pet_enderman":1,"tconstruct:materials_and_you":1,"inventorypets:nugget_lapis":8,"alexsmobs:gazelle_horn":2,"minecraft:flint_and_steel":1,"iceandfire:amythest_gem":4,"minecraft:iron_pickaxe":2,"minecraft:iron_boots":1,"minecraft:furnace":5,"minecraft:stick":4,"minecraft:torch":13,"iceandfire:silver_ore":32,"minecraft:porkchop":33,"minecraft:diorite":62,"minecraft:redstone":45,"minecraft:arrow":8,"minecraft:cactus":10,"minecraft:rotten_flesh":33,"minecraft:gold_ingot":1,"minecraft:mutton":9,"minecraft:white_wool":4,"minecraft:cobblestone":385,"minecraft:feather":6,"minecraft:andesite":10,"minecraft:oak_log":12,"minecraft:yellow_bed":1,"minecraft:gunpowder":1,"minecraft:lapis_lazuli":13,"minecraft:dirt":62,"chococraft:chocobo_feather":2,"minecraft:smooth_sandstone":2,"minecraft:bone":6,"chococraft:gysahl_green":3,"minecraft:apple":1,"minecraft:bow":3,"minecraft:wheat_seeds":21,"minecraft:iron_ore":107,"minecraft:oak_planks":31,"spartanweaponry:pike_iron":1,"minecraft:dandelion":1,"minecraft:gravel":2,"chococraft:gysahl_green_seeds":1,"minecraft:white_bed":3,"minecraft:cyan_bed":3,"minecraft:gold_ore":67,"alexsmobs:animal_dictionary":1,"spartanweaponry:longsword_iron":1,"minecraft:iron_hoe":2,"minecraft:diamond":21,"waystones:waystone":2,"minecraft:granite":36,"minecraft:bread":26,"minecraft:terracotta":1,"minecraft:coal":110,"minecraft:sunflower":7},"minecraft:broken":{"minecraft:iron_pickaxe":3},"minecraft:custom":{"minecraft:mob_kills":53,"minecraft:interact_with_crafting_table":24,"minecraft:damage_dealt_resisted":32,"minecraft:leave_game":7,"minecraft:time_since_death":117002,"minecraft:sprint_one_cm":317203,"minecraft:walk_one_cm":274014,"minecraft:damage_blocked_by_shield":650,"minecraft:drop":125,"minecraft:deaths":1,"minecraft:sneak_time":4446,"minecraft:walk_under_water_one_cm":13012,"minecraft:jump":3572,"minecraft:walk_on_water_one_cm":18034,"minecraft:interact_with_furnace":64,"minecraft:play_one_minute":123245,"minecraft:sleep_in_bed":5,"minecraft:time_since_rest":24961,"minecraft:damage_taken":1933,"minecraft:damage_dealt":6500,"minecraft:swim_one_cm":3875,"minecraft:fly_one_cm":610228,"minecraft:open_chest":3,"minecraft:crouch_one_cm":11928,"minecraft:fall_one_cm":156955},"minecraft:used":{"minecraft:iron_shovel":33,"minecraft:shield":17,"minecraft:cooked_chicken":7,"minecraft:torch":68,"minecraft:dirt":61,"minecraft:snowball":14,"minecraft:iron_axe":71,"minecraft:smooth_sandstone":2,"minecraft:furnace":6,"minecraft:cooked_mutton":12,"minecraft:diorite":8,"minecraft:stone_pickaxe":90,"minecraft:oak_planks":16,"minecraft:terracotta":1,"minecraft:crafting_table":6,"minecraft:white_bed":4,"minecraft:apple":1,"minecraft:cyan_bed":3,"minecraft:bread":6,"minecraft:iron_pickaxe":789,"spartanweaponry:pike_iron":5,"minecraft:cobblestone":201,"spartanweaponry:longsword_iron":209,"minecraft:cooked_porkchop":9,"minecraft:andesite":5,"minecraft:yellow_bed":1,"chococraft:gysahl_green":3},"minecraft:crafted":{"minecraft:oak_planks":48,"minecraft:cooked_chicken":8,"minecraft:furnace":1,"minecraft:cooked_mutton":18,"minecraft:iron_boots":1,"minecraft:iron_axe":1,"minecraft:iron_hoe":1,"minecraft:stone_pickaxe":2,"minecraft:cooked_porkchop":12,"minecraft:crafting_table":4,"minecraft:iron_helmet":1,"minecraft:air":0,"minecraft:iron_chestplate":1,"minecraft:shield":1,"minecraft:stick":44,"minecraft:iron_ingot":82,"minecraft:iron_pickaxe":4,"minecraft:gold_ingot":3,"minecraft:iron_shovel":1,"minecraft:iron_leggings":1,"minecraft:white_bed":1,"minecraft:torch":100}},"DataVersion":2586}