{"stats":{"minecraft:mined":{"minecraft:grass":12,"minecraft:oak_log":4,"minecraft:tall_grass":3,"minecraft:oak_leaves":2},"minecraft:dropped":{"minecraft:rotten_flesh":2},"minecraft:killed":{"minecraft:sheep":2,"minecraft:zombie":2,"minecraft:pig":1,"minecraft:chicken":7},"minecraft:picked_up":{"minecraft:feather":4,"minecraft:chicken":7,"minecraft:andesite":2,"spartanweaponry:pike_iron":1,"minecraft:torch":2,"tconstruct:materials_and_you":1,"minecraft:porkchop":1,"minecraft:oak_log":4,"minecraft:diorite":1,"minecraft:dirt":1,"alexsmobs:animal_dictionary":1,"spartanweaponry:longsword_iron":1,"chococraft:chocobo_feather":1,"minecraft:smooth_sandstone":2,"minecraft:cactus":10,"minecraft:rotten_flesh":8,"minecraft:apple":1,"minecraft:wheat_seeds":3,"minecraft:gold_ingot":1,"minecraft:terracotta":1,"minecraft:mutton":4,"minecraft:oak_planks":10,"minecraft:white_wool":2,"minecraft:cobblestone":95},"minecraft:custom":{"minecraft:time_since_rest":2403,"minecraft:interact_with_furnace":10,"minecraft:sprint_one_cm":42791,"minecraft:damage_taken":246,"minecraft:walk_one_cm":28888,"minecraft:mob_kills":14,"minecraft:drop":2,"minecraft:damage_dealt":1039,"minecraft:interact_with_crafting_table":2,"minecraft:fly_one_cm":108442,"minecraft:open_chest":2,"minecraft:crouch_one_cm":367,"minecraft:play_one_minute":12784,"minecraft:deaths":1,"minecraft:sneak_time":123,"minecraft:jump":518,"minecraft:time_since_death":6541,"minecraft:walk_on_water_one_cm":1924,"minecraft:sleep_in_bed":1,"minecraft:fall_one_cm":10315},"minecraft:used":{"minecraft:cooked_mutton":1,"minecraft:diorite":1,"minecraft:smooth_sandstone":2,"minecraft:dirt":1,"minecraft:cobblestone":2,"minecraft:terracotta":1,"spartanweaponry:longsword_iron":43,"minecraft:crafting_table":1},"minecraft:crafted":{"minecraft:oak_planks":16,"minecraft:cooked_porkchop":1,"minecraft:crafting_table":1,"minecraft:stick":8,"minecraft:cooked_chicken":8,"minecraft:stone_pickaxe":2,"minecraft:air":0,"minecraft:cooked_mutton":9}},"DataVersion":2586}