{"stats":{"minecraft:mined":{"minecraft:torch":7,"minecraft:granite":4,"minecraft:grass_block":3,"minecraft:tall_grass":9,"minecraft:cobblestone":10,"minecraft:lapis_ore":2,"minecraft:wall_torch":1,"iceandfire:copper_ore":1,"minecraft:iron_ore":116,"minecraft:andesite":3,"minecraft:grass":28,"minecraft:oak_log":12,"minecraft:coal_ore":63,"minecraft:sunflower":4,"minecraft:dirt":6,"minecraft:stone":51,"minecraft:gold_ore":5,"minecraft:oak_leaves":2},"minecraft:dropped":{"minecraft:gravel":2,"minecraft:iron_ingot":25,"minecraft:wheat_seeds":12,"minecraft:cooked_chicken":1,"minecraft:cooked_porkchop":1,"minecraft:rotten_flesh":22,"minecraft:iron_hoe":3,"minecraft:granite":5,"iceandfire:copper_ore":1,"minecraft:andesite":4,"minecraft:sunflower":5,"minecraft:iron_ore":23,"spartanweaponry:longsword_iron":1,"waystones:waystone":2,"minecraft:arrow":1,"minecraft:bow":2,"minecraft:stone_pickaxe":1,"minecraft:iron_pickaxe":2,"minecraft:cactus":5},"minecraft:killed":{"minecraft:pig":6,"minecraft:sheep":4,"minecraft:skeleton":3,"minecraft:zombie":12,"minecraft:chicken":9,"minecraft:enderman":1},"minecraft:picked_up":{"minecraft:feather":6,"minecraft:chicken":9,"iceandfire:copper_ore":1,"minecraft:andesite":5,"tconstruct:materials_and_you":1,"minecraft:oak_log":12,"minecraft:yellow_bed":1,"minecraft:gunpowder":1,"minecraft:lapis_lazuli":13,"minecraft:dirt":22,"chococraft:chocobo_feather":2,"minecraft:smooth_sandstone":2,"minecraft:bone":2,"minecraft:apple":1,"minecraft:bow":2,"minecraft:wheat_seeds":12,"minecraft:iron_ore":102,"minecraft:iron_pickaxe":1,"minecraft:oak_planks":30,"minecraft:furnace":5,"minecraft:stick":4,"minecraft:torch":10,"spartanweaponry:pike_iron":1,"minecraft:gravel":2,"minecraft:porkchop":26,"minecraft:diorite":6,"minecraft:cyan_bed":3,"minecraft:gold_ore":5,"alexsmobs:animal_dictionary":1,"spartanweaponry:longsword_iron":1,"minecraft:iron_hoe":2,"minecraft:arrow":1,"minecraft:cactus":10,"minecraft:rotten_flesh":24,"waystones:waystone":2,"minecraft:granite":5,"minecraft:bread":6,"minecraft:gold_ingot":1,"minecraft:terracotta":1,"minecraft:mutton":7,"minecraft:coal":110,"minecraft:white_wool":4,"minecraft:cobblestone":153,"minecraft:sunflower":5},"minecraft:custom":{"minecraft:interact_with_furnace":53,"minecraft:mob_kills":38,"minecraft:interact_with_crafting_table":19,"minecraft:play_one_minute":72784,"minecraft:time_since_death":66541,"minecraft:sleep_in_bed":1,"minecraft:time_since_rest":62403,"minecraft:sprint_one_cm":214209,"minecraft:damage_taken":1278,"minecraft:walk_one_cm":176027,"minecraft:damage_blocked_by_shield":545,"minecraft:drop":67,"minecraft:damage_dealt":5016,"minecraft:swim_one_cm":1847,"minecraft:fly_one_cm":408091,"minecraft:open_chest":2,"minecraft:crouch_one_cm":3154,"minecraft:deaths":1,"minecraft:sneak_time":1174,"minecraft:walk_under_water_one_cm":3110,"minecraft:jump":2343,"minecraft:walk_on_water_one_cm":7378,"minecraft:fall_one_cm":61313},"minecraft:used":{"minecraft:cooked_mutton":9,"minecraft:diorite":6,"minecraft:stone_pickaxe":90,"minecraft:shield":13,"minecraft:cooked_chicken":2,"minecraft:torch":44,"minecraft:dirt":1,"minecraft:terracotta":1,"minecraft:crafting_table":3,"minecraft:apple":1,"minecraft:iron_axe":12,"minecraft:cyan_bed":3,"minecraft:smooth_sandstone":2,"minecraft:iron_pickaxe":169,"spartanweaponry:pike_iron":5,"minecraft:cobblestone":89,"spartanweaponry:longsword_iron":209,"minecraft:furnace":5,"minecraft:cooked_porkchop":6},"minecraft:crafted":{"minecraft:oak_planks":48,"minecraft:cooked_porkchop":12,"minecraft:crafting_table":3,"minecraft:cooked_chicken":8,"minecraft:iron_helmet":1,"minecraft:furnace":1,"minecraft:cooked_mutton":9,"minecraft:air":0,"minecraft:iron_boots":1,"minecraft:iron_chestplate":1,"minecraft:shield":1,"minecraft:iron_axe":1,"minecraft:iron_hoe":1,"minecraft:stick":44,"minecraft:iron_ingot":82,"minecraft:iron_pickaxe":4,"minecraft:stone_pickaxe":2,"minecraft:gold_ingot":3,"minecraft:iron_leggings":1,"minecraft:torch":100}},"DataVersion":2586}