{"stats":{"minecraft:mined":{"minecraft:white_bed":1,"minecraft:crafting_table":1,"minecraft:torch":7,"minecraft:granite":4,"minecraft:grass_block":19,"minecraft:tall_grass":9,"minecraft:cobblestone":11,"minecraft:lapis_ore":2,"minecraft:wall_torch":1,"minecraft:fire":3,"iceandfire:copper_ore":1,"minecraft:iron_ore":116,"minecraft:andesite":3,"chococraft:gysahl_green":1,"minecraft:sand":1,"minecraft:grass":39,"minecraft:oak_log":12,"minecraft:coal_ore":63,"minecraft:sunflower":4,"minecraft:dirt":27,"minecraft:stone":51,"minecraft:gold_ore":5,"minecraft:oak_leaves":2},"minecraft:dropped":{"minecraft:gravel":2,"minecraft:iron_ingot":25,"minecraft:wheat_seeds":12,"alexsmobs:gazelle_horn":1,"minecraft:cooked_chicken":1,"minecraft:cooked_porkchop":1,"minecraft:rotten_flesh":22,"minecraft:oak_planks":1,"iceandfire:silver_ore":16,"minecraft:iron_boots":1,"minecraft:iron_hoe":3,"minecraft:granite":5,"iceandfire:copper_ore":1,"inventorypets:nugget_lapis":8,"minecraft:andesite":4,"minecraft:sunflower":7,"minecraft:iron_ore":23,"spartanweaponry:longsword_iron":1,"waystones:waystone":2,"minecraft:arrow":1,"minecraft:bow":2,"minecraft:stone_pickaxe":1,"minecraft:iron_pickaxe":2,"minecraft:cactus":5,"minecraft:dandelion":1},"minecraft:killed":{"minecraft:husk":1,"minecraft:pig":10,"minecraft:sheep":4,"minecraft:skeleton":5,"minecraft:zombie":12,"alexsmobs:gazelle":4,"minecraft:chicken":9,"minecraft:enderman":1},"minecraft:picked_up":{"minecraft:crafting_table":1,"minecraft:feather":6,"minecraft:chicken":9,"iceandfire:copper_ore":1,"minecraft:andesite":5,"tconstruct:materials_and_you":1,"inventorypets:nugget_lapis":4,"minecraft:oak_log":12,"minecraft:yellow_bed":1,"minecraft:gunpowder":1,"alexsmobs:gazelle_horn":1,"minecraft:lapis_lazuli":13,"minecraft:dirt":59,"chococraft:chocobo_feather":2,"minecraft:smooth_sandstone":2,"minecraft:bone":2,"chococraft:gysahl_green":3,"minecraft:apple":1,"minecraft:bow":2,"minecraft:wheat_seeds":15,"minecraft:iron_ore":102,"minecraft:iron_pickaxe":2,"minecraft:oak_planks":30,"minecraft:iron_boots":1,"minecraft:furnace":5,"minecraft:stick":4,"minecraft:dandelion":1,"iceandfire:silver_ore":16,"minecraft:torch":10,"spartanweaponry:pike_iron":1,"minecraft:gravel":2,"minecraft:porkchop":33,"chococraft:gysahl_green_seeds":1,"minecraft:white_bed":1,"minecraft:diorite":6,"minecraft:cyan_bed":3,"minecraft:gold_ore":5,"alexsmobs:animal_dictionary":1,"spartanweaponry:longsword_iron":1,"minecraft:iron_hoe":2,"minecraft:arrow":4,"minecraft:cactus":10,"minecraft:rotten_flesh":24,"waystones:waystone":2,"minecraft:granite":5,"minecraft:bread":6,"minecraft:gold_ingot":1,"minecraft:terracotta":1,"minecraft:mutton":9,"minecraft:coal":110,"minecraft:white_wool":4,"minecraft:cobblestone":155,"minecraft:sunflower":7},"minecraft:custom":{"minecraft:interact_with_furnace":58,"minecraft:mob_kills":48,"minecraft:interact_with_crafting_table":22,"minecraft:play_one_minute":84784,"minecraft:damage_dealt_resisted":32,"minecraft:time_since_death":78541,"minecraft:sleep_in_bed":3,"minecraft:time_since_rest":10146,"minecraft:sprint_one_cm":240534,"minecraft:damage_taken":1663,"minecraft:walk_one_cm":198238,"minecraft:damage_blocked_by_shield":545,"minecraft:drop":78,"minecraft:damage_dealt":6089,"minecraft:swim_one_cm":3343,"minecraft:fly_one_cm":481400,"minecraft:open_chest":3,"minecraft:crouch_one_cm":5565,"minecraft:deaths":1,"minecraft:sneak_time":1664,"minecraft:walk_under_water_one_cm":4964,"minecraft:jump":2748,"minecraft:walk_on_water_one_cm":8945,"minecraft:fall_one_cm":73350},"minecraft:used":{"minecraft:cooked_mutton":9,"minecraft:diorite":6,"minecraft:iron_shovel":33,"minecraft:stone_pickaxe":90,"minecraft:oak_planks":16,"minecraft:shield":13,"minecraft:cooked_chicken":2,"minecraft:torch":45,"minecraft:dirt":59,"minecraft:terracotta":1,"minecraft:crafting_table":5,"minecraft:white_bed":2,"minecraft:snowball":14,"minecraft:apple":1,"minecraft:bread":5,"minecraft:iron_axe":50,"minecraft:cyan_bed":3,"minecraft:smooth_sandstone":2,"minecraft:iron_pickaxe":171,"spartanweaponry:pike_iron":5,"minecraft:cobblestone":96,"spartanweaponry:longsword_iron":209,"minecraft:furnace":6,"minecraft:cooked_porkchop":8,"chococraft:gysahl_green":3,"minecraft:yellow_bed":1},"minecraft:crafted":{"minecraft:oak_planks":48,"minecraft:cooked_porkchop":12,"minecraft:crafting_table":4,"minecraft:cooked_chicken":8,"minecraft:iron_helmet":1,"minecraft:furnace":1,"minecraft:cooked_mutton":9,"minecraft:air":0,"minecraft:iron_boots":1,"minecraft:iron_chestplate":1,"minecraft:shield":1,"minecraft:iron_axe":1,"minecraft:iron_hoe":1,"minecraft:stick":44,"minecraft:iron_shovel":1,"minecraft:iron_ingot":82,"minecraft:iron_pickaxe":4,"minecraft:stone_pickaxe":2,"minecraft:white_bed":1,"minecraft:gold_ingot":3,"minecraft:iron_leggings":1,"minecraft:torch":100}},"DataVersion":2586}