{"stats":{"minecraft:mined":{"minecraft:granite":4,"minecraft:grass_block":2,"minecraft:tall_grass":3,"minecraft:cobblestone":10,"minecraft:lapis_ore":2,"minecraft:wall_torch":1,"iceandfire:copper_ore":1,"minecraft:iron_ore":97,"minecraft:andesite":3,"minecraft:grass":13,"minecraft:oak_log":4,"minecraft:coal_ore":58,"minecraft:dirt":2,"minecraft:stone":23,"minecraft:gold_ore":5,"minecraft:oak_leaves":2},"minecraft:dropped":{"minecraft:iron_ingot":25,"minecraft:wheat_seeds":3,"minecraft:rotten_flesh":21,"minecraft:granite":4,"iceandfire:copper_ore":1,"minecraft:bow":1,"minecraft:stone_pickaxe":1,"minecraft:cactus":5},"minecraft:killed":{"minecraft:pig":3,"minecraft:sheep":2,"minecraft:skeleton":1,"minecraft:zombie":12,"minecraft:chicken":7},"minecraft:picked_up":{"minecraft:feather":4,"minecraft:chicken":7,"iceandfire:copper_ore":1,"minecraft:andesite":5,"tconstruct:materials_and_you":1,"minecraft:oak_log":4,"minecraft:gunpowder":1,"minecraft:lapis_lazuli":13,"minecraft:dirt":5,"chococraft:chocobo_feather":1,"minecraft:smooth_sandstone":2,"minecraft:bone":2,"minecraft:apple":1,"minecraft:bow":2,"minecraft:wheat_seeds":4,"minecraft:iron_ore":89,"minecraft:oak_planks":18,"minecraft:torch":5,"spartanweaponry:pike_iron":1,"minecraft:gravel":2,"minecraft:porkchop":5,"minecraft:diorite":6,"minecraft:gold_ore":5,"alexsmobs:animal_dictionary":1,"spartanweaponry:longsword_iron":1,"minecraft:arrow":1,"minecraft:cactus":10,"minecraft:rotten_flesh":23,"minecraft:granite":5,"minecraft:gold_ingot":1,"minecraft:terracotta":1,"minecraft:mutton":4,"minecraft:coal":48,"minecraft:white_wool":2,"minecraft:cobblestone":132},"minecraft:custom":{"minecraft:interact_with_furnace":38,"minecraft:mob_kills":28,"minecraft:interact_with_crafting_table":12,"minecraft:play_one_minute":48784,"minecraft:time_since_death":42541,"minecraft:sleep_in_bed":1,"minecraft:time_since_rest":38403,"minecraft:sprint_one_cm":149588,"minecraft:damage_taken":850,"minecraft:walk_one_cm":117518,"minecraft:damage_blocked_by_shield":80,"minecraft:drop":33,"minecraft:damage_dealt":3521,"minecraft:swim_one_cm":556,"minecraft:fly_one_cm":244123,"minecraft:open_chest":2,"minecraft:crouch_one_cm":2835,"minecraft:deaths":1,"minecraft:sneak_time":1079,"minecraft:walk_under_water_one_cm":288,"minecraft:jump":1499,"minecraft:walk_on_water_one_cm":3671,"minecraft:fall_one_cm":38670},"minecraft:used":{"minecraft:cooked_mutton":9,"minecraft:diorite":1,"minecraft:stone_pickaxe":90,"minecraft:shield":1,"minecraft:torch":35,"minecraft:dirt":1,"minecraft:terracotta":1,"minecraft:crafting_table":2,"minecraft:apple":1,"minecraft:smooth_sandstone":2,"minecraft:iron_pickaxe":113,"spartanweaponry:pike_iron":4,"minecraft:cobblestone":53,"spartanweaponry:longsword_iron":133,"minecraft:furnace":1,"minecraft:cooked_porkchop":2},"minecraft:crafted":{"minecraft:oak_planks":16,"minecraft:cooked_porkchop":5,"minecraft:crafting_table":2,"minecraft:cooked_chicken":8,"minecraft:iron_helmet":1,"minecraft:furnace":1,"minecraft:cooked_mutton":9,"minecraft:air":0,"minecraft:iron_boots":1,"minecraft:iron_chestplate":1,"minecraft:shield":1,"minecraft:stick":20,"minecraft:iron_ingot":79,"minecraft:iron_pickaxe":2,"minecraft:stone_pickaxe":2,"minecraft:gold_ingot":3,"minecraft:iron_leggings":1,"minecraft:torch":40}},"DataVersion":2586}