{"stats":{"minecraft:mined":{"tconstruct:copper_ore":17,"tconstruct:sky_slime_tall_grass":1,"minecraft:smooth_sandstone":5,"minecraft:crafting_table":4,"minecraft:granite":16,"minecraft:grass_block":1,"minecraft:chest":1,"minecraft:cobblestone":2,"minecraft:tall_grass":2,"minecraft:cyan_bed":2,"minecraft:lapis_ore":3,"minecraft:sandstone":5,"minecraft:diorite":13,"minecraft:wall_torch":1,"minecraft:tall_seagrass":2,"tconstruct:sky_earth_slime_grass":8,"minecraft:birch_log":19,"minecraft:iron_ore":27,"tconstruct:earth_slime_dirt":37,"minecraft:andesite":7,"minecraft:grass":14,"minecraft:coal_ore":50,"minecraft:sand":39,"minecraft:terracotta":1,"minecraft:stone":164,"tconstruct:earth_congealed_slime":22,"tconstruct:sky_congealed_slime":17},"minecraft:dropped":{"minecraft:stone_axe":1,"chococraft:chocobo_feather":1,"minecraft:birch_sapling":2,"minecraft:cobblestone":50,"minecraft:dirt":2,"minecraft:cactus":5,"minecraft:terracotta":1},"minecraft:killed":{"minecraft:pig":2,"minecraft:salmon":4,"tconstruct:sky_slime":23,"minecraft:sheep":10,"minecraft:zombie":1,"minecraft:chicken":1,"minecraft:cow":1},"minecraft:picked_up":{"minecraft:birch_log":19,"minecraft:crafting_table":4,"minecraft:wheat":2,"minecraft:chicken":1,"minecraft:clay_ball":1,"minecraft:andesite":6,"minecraft:salmon":3,"minecraft:leather":2,"minecraft:wooden_pickaxe":1,"minecraft:birch_planks":2,"minecraft:lapis_lazuli":25,"minecraft:dirt":2,"tconstruct:earth_slime_dirt":36,"chococraft:chocobo_feather":1,"minecraft:smooth_sandstone":3,"minecraft:beef":2,"minecraft:iron_ore":35,"minecraft:light_gray_wool":1,"minecraft:chest":2,"minecraft:birch_sapling":4,"minecraft:sandstone":5,"tconstruct:copper_ore":17,"minecraft:porkchop":5,"minecraft:sand":38,"minecraft:diorite":4,"minecraft:cyan_bed":2,"tconstruct:sky_slime_ball":51,"minecraft:cactus":5,"minecraft:slime_ball":72,"minecraft:stone_axe":1,"minecraft:granite":15,"minecraft:terracotta":1,"minecraft:black_wool":1,"minecraft:mutton":16,"minecraft:coal":48,"minecraft:white_wool":8,"minecraft:cobblestone":165},"minecraft:broken":{"minecraft:stone_pickaxe":1},"minecraft:custom":{"minecraft:interact_with_furnace":20,"minecraft:mob_kills":42,"minecraft:interact_with_crafting_table":10,"minecraft:play_one_minute":49759,"minecraft:bell_ring":21,"minecraft:time_since_death":49759,"minecraft:sleep_in_bed":1,"minecraft:time_since_rest":14403,"minecraft:sprint_one_cm":115160,"minecraft:damage_taken":188,"minecraft:walk_one_cm":92743,"minecraft:drop":9,"minecraft:damage_dealt":2013,"minecraft:swim_one_cm":3195,"minecraft:fly_one_cm":73268,"minecraft:open_chest":2,"minecraft:crouch_one_cm":1348,"minecraft:sneak_time":681,"minecraft:walk_under_water_one_cm":5921,"minecraft:jump":686,"minecraft:walk_on_water_one_cm":22870,"minecraft:fall_one_cm":9198},"minecraft:used":{"minecraft:water_bucket":3,"minecraft:diorite":4,"minecraft:stone_shovel":124,"minecraft:stone_pickaxe":131,"minecraft:chest":1,"minecraft:wooden_pickaxe":8,"minecraft:torch":13,"minecraft:sand":18,"minecraft:crafting_table":5,"minecraft:cyan_bed":1,"minecraft:iron_axe":29,"minecraft:bread":7,"minecraft:iron_pickaxe":174,"minecraft:smooth_sandstone":3,"minecraft:stone_axe":20,"minecraft:cobblestone":76,"minecraft:furnace":2,"minecraft:bucket":4,"minecraft:andesite":6},"minecraft:crafted":{"minecraft:stone_shovel":1,"minecraft:crafting_table":1,"minecraft:wooden_pickaxe":1,"minecraft:furnace":4,"minecraft:bucket":1,"minecraft:birch_planks":76,"minecraft:stone_axe":1,"minecraft:air":0,"minecraft:iron_chestplate":1,"minecraft:iron_axe":1,"minecraft:stick":64,"minecraft:iron_ingot":27,"minecraft:iron_pickaxe":2,"minecraft:stone_pickaxe":1,"minecraft:iron_leggings":1,"minecraft:torch":64}},"DataVersion":2586}