{"stats":{"minecraft:mined":{"tconstruct:copper_ore":13,"minecraft:tall_seagrass":2,"minecraft:iron_ore":11,"minecraft:birch_log":19,"minecraft:crafting_table":3,"minecraft:grass":5,"minecraft:grass_block":1,"minecraft:sand":4,"minecraft:tall_grass":1,"minecraft:terracotta":1,"minecraft:stone":110,"minecraft:sandstone":2},"minecraft:killed":{"minecraft:sheep":3,"minecraft:chicken":1,"minecraft:salmon":4,"tconstruct:sky_slime":23,"minecraft:cow":1},"minecraft:picked_up":{"minecraft:birch_log":19,"minecraft:crafting_table":3,"minecraft:sandstone":2,"tconstruct:copper_ore":13,"minecraft:chicken":1,"minecraft:salmon":3,"minecraft:leather":2,"minecraft:birch_planks":1,"minecraft:sand":4,"minecraft:dirt":1,"chococraft:chocobo_feather":1,"tconstruct:sky_slime_ball":7,"minecraft:beef":2,"minecraft:iron_ore":11,"minecraft:terracotta":1,"minecraft:light_gray_wool":1,"minecraft:black_wool":1,"minecraft:birch_sapling":1,"minecraft:mutton":5,"minecraft:white_wool":1,"minecraft:cobblestone":110},"minecraft:broken":{"minecraft:stone_pickaxe":1},"minecraft:custom":{"minecraft:time_since_rest":13759,"minecraft:sprint_one_cm":21192,"minecraft:damage_taken":120,"minecraft:walk_one_cm":20800,"minecraft:mob_kills":32,"minecraft:damage_dealt":1053,"minecraft:interact_with_crafting_table":4,"minecraft:swim_one_cm":1907,"minecraft:fly_one_cm":16400,"minecraft:open_chest":1,"minecraft:crouch_one_cm":441,"minecraft:play_one_minute":13759,"minecraft:sneak_time":84,"minecraft:walk_under_water_one_cm":3623,"minecraft:jump":99,"minecraft:walk_on_water_one_cm":16957,"minecraft:time_since_death":13759,"minecraft:fall_one_cm":476},"minecraft:used":{"minecraft:stone_shovel":4,"minecraft:bread":3,"minecraft:stone_pickaxe":131,"minecraft:wooden_pickaxe":8,"minecraft:stone_axe":18,"minecraft:crafting_table":4},"minecraft:crafted":{"minecraft:stone_shovel":1,"minecraft:crafting_table":1,"minecraft:stick":8,"minecraft:wooden_pickaxe":1,"minecraft:stone_pickaxe":1,"minecraft:birch_planks":76,"minecraft:stone_axe":1}},"DataVersion":2586}