{"stats":{"minecraft:killed_by":{"iceandfire:gorgon":1},"minecraft:custom":{"minecraft:mob_kills":306,"minecraft:damage_dealt_resisted":1011,"minecraft:leave_game":1,"minecraft:time_since_death":0,"minecraft:climb_one_cm":471,"minecraft:damage_resisted":125,"minecraft:sprint_one_cm":71142,"minecraft:walk_one_cm":229394,"minecraft:drop":23,"minecraft:damage_dealt_absorbed":445,"minecraft:deaths":1,"minecraft:sneak_time":2035,"minecraft:walk_under_water_one_cm":93958,"minecraft:jump":461,"minecraft:walk_on_water_one_cm":31808,"minecraft:play_one_minute":174332,"minecraft:time_since_rest":101,"minecraft:damage_taken":2147483647,"minecraft:damage_absorbed":392,"minecraft:damage_dealt":1292,"minecraft:swim_one_cm":1492,"minecraft:fly_one_cm":2486236,"minecraft:open_chest":5,"minecraft:crouch_one_cm":787,"minecraft:fall_one_cm":6647},"minecraft:mined":{"minecraft:nether_bricks":227,"minecraft:cracked_polished_blackstone_bricks":6,"minecraft:soul_soil":1,"minecraft:polished_blackstone_bricks":10,"minecraft:nether_brick_fence":13,"minecraft:blackstone":4,"minecraft:basalt":60,"minecraft:nether_quartz_ore":5,"minecraft:tall_grass":2,"minecraft:oak_log":3,"minecraft:netherrack":63},"minecraft:used":{"cataclysm:endermaptera_spawn_egg":1,"iceandfire:dragonforge_ice_brick":11,"minecraft:flint_and_steel":3,"cataclysm:ender_golem_spawn_egg":1,"minecraft:obsidian":33,"cataclysm:infernal_forge":2,"cataclysm:ignited_revenant_spawn_egg":1,"minecraft:grass_block":12,"alexsmobs:spawn_egg_endergrade":1,"cataclysm:nameless_sorcerer_spawn_egg":1,"minecraft:enchanted_golden_apple":3,"cataclysm:ignis_spawn_egg":1,"iceandfire:dragonforge_ice_input":4,"alexsmobs:spawn_egg_lobster":17,"minecraft:oak_log":2,"cataclysm:ender_guardian_spawn_egg":1,"cataclysm:netherite_monstrosity_spawn_egg":1,"minecraft:cobblestone":361,"alexsmobs:spawn_egg_void_worm":1,"minecraft:cooked_porkchop":4,"iceandfire:dragon_bone_block":2},"minecraft:dropped":{"minecraft:iron_ingot":3,"minecraft:oak_log":1,"minecraft:cobblestone":2,"minecraft:granite":8,"inventorypets:pet_enderman":2,"tconstruct:copper_ore":1,"deadlydinos:smallcarnileg":2,"inventorypets:pet_moon":1,"cataclysm:ignitium_ingot":3,"minecraft:rotten_flesh":1,"inventorypets:pet_chicken":1,"deadlydinos:cracker":4,"cataclysm:monstrous_horn":1,"minecraft:netherrack":34},"minecraft:picked_up":{"deadlydinos:medherbispine":1,"cataclysm:monstrous_horn":1,"iceandfire:witherbone":17,"minecraft:nether_brick_fence":17,"inventorypets:pet_enderman":2,"minecraft:turtle_helmet":1,"minecraft:packed_ice":13,"minecraft:diamond_sword":1,"biomesoplenty:cut_orange_sandstone":1,"minecraft:gold_block":1,"minecraft:stone_brick_stairs":1,"minecraft:chain":4,"spartanweaponry:lance_silver":1,"minecraft:golden_sword":1,"iceandfire:manuscript":20,"inventorypets:pet_wolf":1,"minecraft:sticky_piston":1,"inventorypets:pet_squid":2,"minecraft:blackstone":8,"deadlydinos:smallraptorclaw":1,"minecraft:cracked_stone_bricks":1,"deadlydinos:smallcarnispine":4,"minecraft:gold_nugget":4,"deadlydinos:rawmediummeat":4,"iceandfire:dread_shard":55,"minecraft:warped_slab":1,"iceandfire:dragonscale_bronze":1,"minecraft:iron_nugget":2,"minecraft:chest":2,"iceandfire:dragonbone":2,"iceandfire:troll_tusk":5,"minecraft:polished_blackstone_bricks":1,"minecraft:quartz_pillar":1,"tconstruct:sky_slime_dirt":15,"deadlydinos:smallcarniclaw":11,"deadlydinos:rawsmallmeat":7,"cataclysm:burning_ashes":1,"minecraft:diorite":4,"tconstruct:flint_shuriken":1,"minecraft:iron_horse_armor":1,"inventorypets:pet_ghast":1,"iceandfire:silver_ingot":20,"spartanweaponry:spear_gold":1,"minecraft:rotten_flesh":2,"waystones:pink_sharestone":1,"minecraft:nether_bricks":177,"minecraft:blackstone_wall":1,"deadlydinos:smallcarnileg":6,"minecraft:gold_ingot":12,"minecraft:obsidian":1,"minecraft:bone_block":1,"minecraft:skeleton_skull":2,"minecraft:snowball":59,"minecraft:cobblestone":62,"minecraft:crimson_slab":1,"inventorypets:pet_creeper":1,"iceandfire:sapphire_gem":22,"minecraft:magma_block":10,"iceandfire:sea_serpent_fang":3,"deadlydinos:medherbiribs":1,"minecraft:basalt":56,"minecraft:magma_cream":6,"minecraft:andesite":12,"minecraft:salmon":1,"deadlydinos:smallcarnitail":4,"minecraft:leather":13,"cataclysm:ignitium_ingot":3,"deadlydinos:cracker":4,"deadlydinos:smallcarnitooth":10,"minecraft:chainmail_chestplate":1,"cataclysm:obsidian_bricks":1,"minecraft:oak_log":4,"minecraft:prismarine_bricks":1,"minecraft:ancient_debris":3,"cataclysm:gauntlet_of_guard":1,"biomesoplenty:redwood_button":1,"minecraft:dirt":127,"minecraft:paper":22,"iceandfire:ice_dragon_blood":1,"minecraft:bone":7,"deadlydinos:smallcarniribs":4,"cataclysm:infernal_forge":1,"minecraft:stone_bricks":4,"minecraft:wheat_seeds":3,"iceandfire:troll_leather_frost":2,"cataclysm:void_core":1,"minecraft:birch_wood":1,"minecraft:iron_ingot":4,"minecraft:mossy_stone_bricks":1,"tconstruct:scorched_glass_pane":1,"inventorypets:pet_mishumaa_saba":1,"minecraft:book":6,"tconstruct:copper_ore":3,"tconstruct:tinkers_bronze_ingot":1,"minecraft:chiseled_stone_bricks":1,"iceandfire:ash":8,"minecraft:quartz":11,"minecraft:gravel":1,"minecraft:sand":33,"inventorypets:pet_chicken":2,"tconstruct:slimesteel_ingot":1,"deadlydinos:medherbitooth":2,"minecraft:nether_brick_stairs":3,"minecraft:ink_sac":3,"minecraft:cyan_bed":1,"minecraft:spectral_arrow":15,"minecraft:spider_eye":1,"deadlydinos:smallcarniskull":4,"iceandfire:dragon_flute":1,"minecraft:lime_banner":1,"inventorypets:pet_jukebox":1,"deadlydinos:smallbone_shovel":1,"spartanweaponry:flanged_mace_iron":1,"minecraft:cracked_polished_blackstone_bricks":13,"minecraft:granite":14,"minecraft:emerald":1,"minecraft:netherrack":247},"minecraft:killed":{"cataclysm:ignited_revenant":1,"alexsmobs:lobster":2,"minecraft:zombified_piglin":11,"minecraft:spider":1,"deadlydinos:theri_entity":2,"minecraft:cod":3,"iceandfire:dread_beast":13,"minecraft:skeleton":4,"iceandfire:dread_knight":21,"iceandfire:dread_thrall":127,"iceandfire:fire_dragon":1,"minecraft:drowned":2,"iceandfire:dread_scuttler":27,"minecraft:piglin_brute":2,"cataclysm:ender_golem":1,"minecraft:magma_cube":1,"minecraft:piglin":6,"minecraft:salmon":15,"minecraft:bat":2,"minecraft:creeper":3,"minecraft:squid":1,"alexsmobs:crimson_mosquito":1,"deadlydinos:carflipped_entity":1,"cataclysm:ender_guardian":1,"minecraft:zombie":5,"cataclysm:ignis":1,"alexsmobs:fly":2,"iceandfire:dread_ghoul":28,"minecraft:wither_skeleton":2,"minecraft:blaze":3}},"DataVersion":2586}