{"stats":{"minecraft:custom":{"minecraft:time_since_rest":89284,"minecraft:sprint_one_cm":50795,"minecraft:damage_taken":70,"minecraft:walk_one_cm":48942,"minecraft:drop":2,"minecraft:damage_dealt":30,"minecraft:fly_one_cm":638675,"minecraft:open_chest":4,"minecraft:crouch_one_cm":573,"minecraft:play_one_minute":89284,"minecraft:sneak_time":759,"minecraft:walk_under_water_one_cm":1527,"minecraft:jump":208,"minecraft:time_since_death":89284,"minecraft:walk_on_water_one_cm":3101,"minecraft:climb_one_cm":91,"minecraft:fall_one_cm":4758},"minecraft:mined":{"minecraft:oak_log":3,"minecraft:tall_grass":2},"minecraft:dropped":{"inventorypets:pet_moon":1,"minecraft:oak_log":1},"minecraft:used":{"minecraft:oak_log":2,"minecraft:grass_block":12},"minecraft:picked_up":{"tconstruct:tinkers_bronze_ingot":1,"deadlydinos:smallcarnitail":2,"minecraft:turtle_helmet":1,"minecraft:chiseled_stone_bricks":1,"minecraft:leather":3,"minecraft:quartz":1,"deadlydinos:smallcarnitooth":5,"biomesoplenty:cut_orange_sandstone":1,"tconstruct:slimesteel_ingot":1,"minecraft:quartz_pillar":1,"minecraft:prismarine_bricks":1,"deadlydinos:rawsmallmeat":3,"minecraft:oak_log":4,"deadlydinos:smallcarniclaw":4,"spartanweaponry:lance_silver":1,"cataclysm:obsidian_bricks":1,"minecraft:cyan_bed":1,"tconstruct:flint_shuriken":1,"deadlydinos:smallcarniskull":2,"minecraft:lime_banner":1,"deadlydinos:smallcarniribs":2,"spartanweaponry:spear_gold":1,"spartanweaponry:flanged_mace_iron":1,"deadlydinos:smallbone_shovel":1,"waystones:pink_sharestone":1,"deadlydinos:smallcarnispine":2,"minecraft:birch_wood":1,"deadlydinos:smallcarnileg":3,"minecraft:warped_slab":1,"iceandfire:dragonscale_bronze":1,"tconstruct:scorched_glass_pane":1,"minecraft:crimson_slab":1}},"DataVersion":2586}