{"stats":{"minecraft:custom":{"minecraft:mob_kills":51,"minecraft:play_one_minute":137284,"minecraft:time_since_death":137284,"minecraft:climb_one_cm":218,"minecraft:damage_resisted":42,"minecraft:time_since_rest":137284,"minecraft:walk_one_cm":134141,"minecraft:sprint_one_cm":57653,"minecraft:damage_taken":548,"minecraft:damage_absorbed":168,"minecraft:drop":23,"minecraft:damage_dealt":900,"minecraft:swim_one_cm":717,"minecraft:fly_one_cm":1777231,"minecraft:open_chest":5,"minecraft:crouch_one_cm":717,"minecraft:sneak_time":1668,"minecraft:walk_under_water_one_cm":63005,"minecraft:jump":360,"minecraft:walk_on_water_one_cm":29307,"minecraft:fall_one_cm":6384},"minecraft:mined":{"minecraft:blackstone":4,"minecraft:basalt":60,"minecraft:nether_bricks":227,"minecraft:cracked_polished_blackstone_bricks":6,"minecraft:soul_soil":1,"minecraft:nether_quartz_ore":5,"minecraft:tall_grass":2,"minecraft:polished_blackstone_bricks":10,"minecraft:nether_brick_fence":13,"minecraft:oak_log":3,"minecraft:netherrack":63},"minecraft:used":{"cataclysm:ignis_spawn_egg":1,"cataclysm:endermaptera_spawn_egg":1,"minecraft:flint_and_steel":1,"cataclysm:ender_golem_spawn_egg":1,"minecraft:obsidian":15,"alexsmobs:spawn_egg_lobster":17,"minecraft:oak_log":2,"cataclysm:infernal_forge":2,"cataclysm:ender_guardian_spawn_egg":1,"cataclysm:ignited_revenant_spawn_egg":1,"minecraft:grass_block":12,"cataclysm:netherite_monstrosity_spawn_egg":1,"alexsmobs:spawn_egg_endergrade":1,"cataclysm:nameless_sorcerer_spawn_egg":1,"alexsmobs:spawn_egg_void_worm":1,"minecraft:cooked_porkchop":4,"minecraft:enchanted_golden_apple":1},"minecraft:dropped":{"minecraft:iron_ingot":3,"cataclysm:ignitium_ingot":3,"inventorypets:pet_moon":1,"minecraft:oak_log":1,"minecraft:cobblestone":2,"minecraft:rotten_flesh":1,"minecraft:granite":8,"inventorypets:pet_enderman":2,"inventorypets:pet_chicken":1,"deadlydinos:cracker":4,"tconstruct:copper_ore":1,"deadlydinos:smallcarnileg":2,"cataclysm:monstrous_horn":1,"minecraft:netherrack":34},"minecraft:picked_up":{"minecraft:magma_block":10,"inventorypets:pet_creeper":1,"minecraft:basalt":55,"deadlydinos:medherbispine":1,"minecraft:nether_brick_fence":17,"cataclysm:monstrous_horn":1,"deadlydinos:medherbiribs":1,"minecraft:turtle_helmet":1,"inventorypets:pet_enderman":2,"minecraft:salmon":1,"minecraft:andesite":3,"deadlydinos:smallcarnitail":4,"cataclysm:ignitium_ingot":3,"minecraft:leather":13,"deadlydinos:cracker":4,"biomesoplenty:cut_orange_sandstone":1,"deadlydinos:smallcarnitooth":10,"minecraft:oak_log":4,"spartanweaponry:lance_silver":1,"minecraft:prismarine_bricks":1,"cataclysm:obsidian_bricks":1,"minecraft:golden_sword":1,"cataclysm:gauntlet_of_guard":1,"biomesoplenty:redwood_button":1,"minecraft:dirt":51,"inventorypets:pet_wolf":1,"deadlydinos:smallcarniribs":4,"inventorypets:pet_squid":2,"cataclysm:infernal_forge":1,"deadlydinos:smallraptorclaw":1,"minecraft:wheat_seeds":2,"deadlydinos:smallcarnispine":4,"cataclysm:void_core":1,"minecraft:birch_wood":1,"deadlydinos:rawmediummeat":4,"minecraft:iron_ingot":3,"minecraft:warped_slab":1,"iceandfire:dragonscale_bronze":1,"minecraft:iron_nugget":2,"tconstruct:scorched_glass_pane":1,"inventorypets:pet_mishumaa_saba":1,"tconstruct:tinkers_bronze_ingot":1,"tconstruct:copper_ore":3,"minecraft:chiseled_stone_bricks":1,"minecraft:quartz":6,"tconstruct:slimesteel_ingot":1,"inventorypets:pet_chicken":2,"minecraft:sand":17,"deadlydinos:smallcarniclaw":11,"deadlydinos:rawsmallmeat":7,"minecraft:quartz_pillar":1,"deadlydinos:medherbitooth":2,"minecraft:nether_brick_stairs":3,"cataclysm:burning_ashes":1,"minecraft:ink_sac":3,"minecraft:diorite":4,"minecraft:cyan_bed":1,"tconstruct:flint_shuriken":1,"minecraft:iron_horse_armor":1,"deadlydinos:smallcarniskull":4,"inventorypets:pet_ghast":1,"minecraft:rotten_flesh":1,"minecraft:lime_banner":1,"inventorypets:pet_jukebox":1,"spartanweaponry:spear_gold":1,"waystones:pink_sharestone":1,"spartanweaponry:flanged_mace_iron":1,"deadlydinos:smallbone_shovel":1,"minecraft:nether_bricks":177,"deadlydinos:smallcarnileg":6,"minecraft:granite":12,"minecraft:gold_ingot":2,"minecraft:netherrack":52,"minecraft:obsidian":1,"minecraft:crimson_slab":1,"minecraft:cobblestone":21},"minecraft:killed":{"minecraft:magma_cube":1,"cataclysm:ignited_revenant":1,"alexsmobs:lobster":2,"minecraft:salmon":15,"deadlydinos:theri_entity":2,"minecraft:creeper":1,"minecraft:squid":1,"alexsmobs:crimson_mosquito":1,"deadlydinos:carflipped_entity":1,"minecraft:skeleton":4,"cataclysm:ender_guardian":1,"minecraft:zombie":3,"iceandfire:fire_dragon":1,"cataclysm:ignis":1,"alexsmobs:fly":2,"minecraft:drowned":2,"minecraft:wither_skeleton":2,"cataclysm:ender_golem":1,"minecraft:blaze":3}},"DataVersion":2586}