{"stats":{"minecraft:custom":{"minecraft:time_since_rest":77284,"minecraft:play_one_minute":77284,"minecraft:crouch_one_cm":35,"minecraft:sprint_one_cm":39311,"minecraft:damage_taken":20,"minecraft:walk_one_cm":16510,"minecraft:sneak_time":263,"minecraft:walk_under_water_one_cm":870,"minecraft:drop":1,"minecraft:jump":178,"minecraft:damage_dealt":20,"minecraft:walk_on_water_one_cm":650,"minecraft:time_since_death":77284,"minecraft:fall_one_cm":4758,"minecraft:fly_one_cm":367700},"minecraft:mined":{"minecraft:oak_log":3,"minecraft:tall_grass":2},"minecraft:dropped":{"minecraft:oak_log":1},"minecraft:used":{"minecraft:oak_log":2,"minecraft:grass_block":12},"minecraft:picked_up":{"deadlydinos:smallcarniskull":1,"deadlydinos:smallcarniribs":1,"deadlydinos:smallcarnitail":1,"minecraft:leather":2,"deadlydinos:smallcarnispine":1,"deadlydinos:smallcarnitooth":2,"deadlydinos:smallcarnileg":2,"deadlydinos:smallcarniclaw":2,"minecraft:oak_log":4,"deadlydinos:rawsmallmeat":2}},"DataVersion":2586}