{"stats":{"minecraft:picked_up":{"minecraft:sandstone":4,"minecraft:leather":3,"minecraft:quartz":4,"deadlydinos:cracker":4,"minecraft:ice":12,"minecraft:sand":1,"deadlydinos:medcarnispine":1,"inventorypets:nugget_obsidian":5,"minecraft:oak_log":9,"minecraft:diorite":5,"spartanweaponry:hammer_diamond":1,"minecraft:rabbit_foot":1,"deadlydinos:medcarniribs":1,"minecraft:dirt":34,"deadlydinos:medcarnileg":2,"deadlydinos:medcarniclaw":4,"deadlydinos:cycas":1,"minecraft:rotten_flesh":6,"minecraft:wheat_seeds":8,"inventorypets:pet_magma_cube":1,"deadlydinos:rawmediummeat":4,"deadlydinos:medcarnitail":1,"minecraft:iron_ingot":4,"minecraft:granite":7,"minecraft:white_tulip":1,"deadlydinos:cannedstew":2,"minecraft:redstone_torch":1,"deadlydinos:medcarnitooth":2,"deadlydinos:medcarniskull":1,"minecraft:gold_ingot":7,"minecraft:iron_nugget":9,"minecraft:poppy":1,"alexsmobs:maggot":2,"inventorypets:nugget_diamond":2,"minecraft:snowball":1,"minecraft:coal":4,"minecraft:cobblestone":16},"minecraft:used":{"minecraft:redstone_torch":10,"minecraft:oak_log":2,"minecraft:villager_spawn_egg":23,"deadlydinos:rawmediummeat":1,"minecraft:zombie_spawn_egg":81,"minecraft:tnt":158,"spartanweaponry:hammer_diamond":61,"minecraft:milk_bucket":1},"minecraft:dropped":{"inventorypets:pet_magma_cube":1,"spartanweaponry:hammer_diamond":2},"minecraft:custom":{"minecraft:time_since_rest":36318,"minecraft:sprint_one_cm":20485,"minecraft:damage_taken":130,"minecraft:walk_one_cm":63885,"minecraft:mob_kills":8,"minecraft:drop":3,"minecraft:damage_dealt":2150,"minecraft:fly_one_cm":934238,"minecraft:open_chest":3,"minecraft:crouch_one_cm":805,"minecraft:play_one_minute":36318,"minecraft:sneak_time":718,"minecraft:walk_under_water_one_cm":24103,"minecraft:damage_dealt_resisted":8,"minecraft:walk_on_water_one_cm":9274,"minecraft:jump":133,"minecraft:leave_game":2,"minecraft:time_since_death":36318},"minecraft:mined":{"minecraft:oak_log":9},"minecraft:killed":{"deadlydinos:carflipped_entity":1,"deadlydinos:carno_entity":1,"minecraft:zombie":2,"minecraft:zombie_villager":1,"minecraft:rabbit":1,"alexsmobs:fly":1}},"DataVersion":2586}