{"stats":{"minecraft:killed_by":{"minecraft:creeper":1},"minecraft:picked_up":{"minecraft:sandstone":4,"minecraft:leather":3,"minecraft:quartz":4,"deadlydinos:cracker":4,"waystones:mossy_waystone":4,"minecraft:ice":12,"minecraft:sand":1,"deadlydinos:medcarnispine":1,"inventorypets:nugget_obsidian":5,"minecraft:oak_log":9,"minecraft:diorite":5,"spartanweaponry:hammer_diamond":1,"minecraft:dirt":34,"deadlydinos:medcarniribs":1,"minecraft:rabbit_foot":1,"deadlydinos:medcarnileg":2,"deadlydinos:medcarniclaw":4,"deadlydinos:cycas":1,"minecraft:rotten_flesh":11,"minecraft:wheat_seeds":8,"inventorypets:pet_magma_cube":1,"deadlydinos:medcarnitail":1,"deadlydinos:rawmediummeat":4,"minecraft:iron_ingot":4,"minecraft:granite":7,"minecraft:white_tulip":1,"deadlydinos:cannedstew":2,"deadlydinos:medcarnitooth":2,"minecraft:redstone_torch":1,"deadlydinos:medcarniskull":1,"minecraft:gold_ingot":7,"minecraft:iron_nugget":9,"minecraft:poppy":1,"alexsmobs:maggot":2,"inventorypets:nugget_diamond":2,"minecraft:coal":4,"minecraft:snowball":1,"minecraft:cobblestone":16,"minecraft:stripped_oak_log":1},"minecraft:used":{"minecraft:redstone_torch":10,"minecraft:oak_log":2,"waystones:sandy_waystone":1,"minecraft:villager_spawn_egg":23,"minecraft:grass_block":5,"waystones:mossy_waystone":3,"deadlydinos:rawmediummeat":2,"minecraft:zombie_spawn_egg":81,"minecraft:purple_bed":1,"minecraft:tnt":158,"spartanweaponry:hammer_diamond":61,"minecraft:stripped_oak_log":183,"minecraft:milk_bucket":2},"minecraft:dropped":{"inventorypets:pet_magma_cube":1,"spartanweaponry:hammer_diamond":2},"minecraft:custom":{"minecraft:time_since_rest":17603,"minecraft:waystone_activated":4,"minecraft:sprint_one_cm":40271,"minecraft:damage_taken":430,"minecraft:walk_one_cm":100949,"minecraft:mob_kills":8,"minecraft:drop":3,"minecraft:damage_dealt":2222,"minecraft:swim_one_cm":4781,"minecraft:fly_one_cm":1128347,"minecraft:open_chest":3,"minecraft:play_one_minute":71688,"minecraft:crouch_one_cm":1064,"minecraft:deaths":7,"minecraft:sneak_time":952,"minecraft:walk_under_water_one_cm":27314,"minecraft:damage_dealt_resisted":8,"minecraft:jump":262,"minecraft:leave_game":3,"minecraft:time_since_death":17574,"minecraft:walk_on_water_one_cm":12592,"minecraft:fall_one_cm":3024},"minecraft:mined":{"minecraft:oak_log":9,"minecraft:stripped_oak_log":1},"minecraft:killed":{"deadlydinos:carflipped_entity":1,"deadlydinos:carno_entity":1,"minecraft:zombie":2,"minecraft:zombie_villager":1,"minecraft:rabbit":1,"alexsmobs:fly":1}},"DataVersion":2586}