{"stats":{"minecraft:picked_up":{"minecraft:leather":3,"deadlydinos:cracker":4,"deadlydinos:medcarnispine":1,"minecraft:oak_log":9,"minecraft:diorite":5,"spartanweaponry:hammer_diamond":1,"deadlydinos:medcarniribs":1,"minecraft:dirt":34,"deadlydinos:medcarnileg":2,"deadlydinos:medcarniclaw":4,"deadlydinos:cycas":1,"minecraft:rotten_flesh":6,"minecraft:wheat_seeds":8,"deadlydinos:rawmediummeat":4,"deadlydinos:medcarnitail":1,"minecraft:iron_ingot":4,"minecraft:granite":7,"minecraft:white_tulip":1,"deadlydinos:cannedstew":2,"minecraft:redstone_torch":1,"deadlydinos:medcarnitooth":2,"deadlydinos:medcarniskull":1,"minecraft:iron_nugget":6,"alexsmobs:maggot":1,"minecraft:cobblestone":16},"minecraft:used":{"minecraft:redstone_torch":4,"minecraft:oak_log":2,"minecraft:villager_spawn_egg":23,"minecraft:zombie_spawn_egg":81,"minecraft:tnt":133,"spartanweaponry:hammer_diamond":60},"minecraft:dropped":{"spartanweaponry:hammer_diamond":1},"minecraft:custom":{"minecraft:time_since_rest":24318,"minecraft:sprint_one_cm":14376,"minecraft:walk_one_cm":36514,"minecraft:mob_kills":6,"minecraft:drop":1,"minecraft:damage_dealt":1929,"minecraft:fly_one_cm":678063,"minecraft:open_chest":2,"minecraft:crouch_one_cm":434,"minecraft:play_one_minute":24318,"minecraft:sneak_time":423,"minecraft:walk_under_water_one_cm":5145,"minecraft:walk_on_water_one_cm":3937,"minecraft:jump":89,"minecraft:leave_game":2,"minecraft:time_since_death":24318},"minecraft:mined":{"minecraft:oak_log":9},"minecraft:killed":{"deadlydinos:carflipped_entity":1,"deadlydinos:carno_entity":1,"minecraft:zombie":2,"minecraft:zombie_villager":1}},"DataVersion":2586}