{"stats":{"minecraft:custom":{"minecraft:time_since_rest":101284,"minecraft:sprint_one_cm":53564,"minecraft:damage_taken":205,"minecraft:walk_one_cm":87200,"minecraft:mob_kills":22,"minecraft:drop":6,"minecraft:damage_dealt":30,"minecraft:swim_one_cm":717,"minecraft:fly_one_cm":770030,"minecraft:open_chest":4,"minecraft:crouch_one_cm":576,"minecraft:play_one_minute":101284,"minecraft:sneak_time":850,"minecraft:walk_under_water_one_cm":62916,"minecraft:jump":300,"minecraft:time_since_death":101284,"minecraft:walk_on_water_one_cm":25846,"minecraft:climb_one_cm":218,"minecraft:fall_one_cm":6384},"minecraft:mined":{"minecraft:oak_log":3,"minecraft:tall_grass":2},"minecraft:dropped":{"inventorypets:pet_moon":1,"minecraft:oak_log":1,"deadlydinos:smallcarnileg":2,"inventorypets:pet_enderman":2,"inventorypets:pet_chicken":1},"minecraft:used":{"minecraft:oak_log":2,"minecraft:grass_block":12,"minecraft:cooked_porkchop":3},"minecraft:picked_up":{"inventorypets:pet_creeper":1,"tconstruct:copper_ore":2,"deadlydinos:medherbiribs":1,"deadlydinos:medherbispine":1,"tconstruct:tinkers_bronze_ingot":1,"minecraft:andesite":3,"minecraft:salmon":1,"inventorypets:pet_enderman":2,"deadlydinos:smallcarnitail":4,"minecraft:turtle_helmet":1,"minecraft:chiseled_stone_bricks":1,"minecraft:leather":13,"minecraft:quartz":1,"deadlydinos:smallcarnitooth":10,"biomesoplenty:cut_orange_sandstone":1,"deadlydinos:medherbitooth":2,"minecraft:sand":17,"inventorypets:pet_chicken":2,"tconstruct:slimesteel_ingot":1,"minecraft:quartz_pillar":1,"minecraft:prismarine_bricks":1,"deadlydinos:rawsmallmeat":7,"minecraft:oak_log":4,"deadlydinos:smallcarniclaw":11,"spartanweaponry:lance_silver":1,"cataclysm:obsidian_bricks":1,"minecraft:ink_sac":3,"minecraft:cyan_bed":1,"tconstruct:flint_shuriken":1,"biomesoplenty:redwood_button":1,"minecraft:dirt":42,"inventorypets:pet_wolf":1,"inventorypets:pet_ghast":1,"deadlydinos:smallcarniskull":4,"deadlydinos:smallraptorclaw":1,"inventorypets:pet_jukebox":1,"minecraft:lime_banner":1,"inventorypets:pet_squid":2,"deadlydinos:smallcarniribs":4,"spartanweaponry:spear_gold":1,"minecraft:wheat_seeds":1,"spartanweaponry:flanged_mace_iron":1,"deadlydinos:smallbone_shovel":1,"waystones:pink_sharestone":1,"deadlydinos:smallcarnispine":4,"minecraft:granite":4,"minecraft:birch_wood":1,"deadlydinos:rawmediummeat":4,"deadlydinos:smallcarnileg":6,"minecraft:warped_slab":1,"iceandfire:dragonscale_bronze":1,"tconstruct:scorched_glass_pane":1,"inventorypets:pet_mishumaa_saba":1,"minecraft:cobblestone":2,"minecraft:crimson_slab":1},"minecraft:killed":{"minecraft:salmon":15,"alexsmobs:fly":2,"minecraft:drowned":2,"deadlydinos:theri_entity":1,"minecraft:squid":1}},"DataVersion":2586}