{"stats":{"minecraft:custom":{"minecraft:mob_kills":38,"minecraft:play_one_minute":125284,"minecraft:time_since_death":125284,"minecraft:climb_one_cm":218,"minecraft:damage_resisted":42,"minecraft:time_since_rest":125284,"minecraft:walk_one_cm":128935,"minecraft:sprint_one_cm":57410,"minecraft:damage_taken":365,"minecraft:damage_absorbed":168,"minecraft:drop":17,"minecraft:damage_dealt":900,"minecraft:swim_one_cm":717,"minecraft:fly_one_cm":1272157,"minecraft:open_chest":4,"minecraft:crouch_one_cm":717,"minecraft:sneak_time":1316,"minecraft:walk_under_water_one_cm":63005,"minecraft:jump":352,"minecraft:walk_on_water_one_cm":29307,"minecraft:fall_one_cm":6384},"minecraft:mined":{"minecraft:tall_grass":2,"minecraft:oak_log":3},"minecraft:dropped":{"inventorypets:pet_moon":1,"minecraft:oak_log":1,"minecraft:cobblestone":2,"minecraft:granite":8,"inventorypets:pet_enderman":2,"inventorypets:pet_chicken":1,"tconstruct:copper_ore":1,"deadlydinos:smallcarnileg":2},"minecraft:used":{"cataclysm:ignis_spawn_egg":1,"cataclysm:endermaptera_spawn_egg":1,"minecraft:flint_and_steel":1,"cataclysm:ender_golem_spawn_egg":1,"minecraft:obsidian":15,"alexsmobs:spawn_egg_lobster":17,"minecraft:oak_log":2,"cataclysm:infernal_forge":2,"cataclysm:ender_guardian_spawn_egg":1,"cataclysm:ignited_revenant_spawn_egg":1,"minecraft:grass_block":12,"cataclysm:netherite_monstrosity_spawn_egg":1,"alexsmobs:spawn_egg_endergrade":1,"cataclysm:nameless_sorcerer_spawn_egg":1,"alexsmobs:spawn_egg_void_worm":1,"minecraft:cooked_porkchop":4,"minecraft:enchanted_golden_apple":1},"minecraft:picked_up":{"inventorypets:pet_creeper":1,"deadlydinos:medherbispine":1,"cataclysm:monstrous_horn":1,"deadlydinos:medherbiribs":1,"minecraft:turtle_helmet":1,"inventorypets:pet_enderman":2,"minecraft:salmon":1,"minecraft:andesite":3,"deadlydinos:smallcarnitail":4,"cataclysm:ignitium_ingot":3,"minecraft:leather":13,"deadlydinos:cracker":4,"biomesoplenty:cut_orange_sandstone":1,"deadlydinos:smallcarnitooth":10,"minecraft:oak_log":4,"spartanweaponry:lance_silver":1,"minecraft:prismarine_bricks":1,"cataclysm:obsidian_bricks":1,"cataclysm:gauntlet_of_guard":1,"biomesoplenty:redwood_button":1,"minecraft:dirt":51,"inventorypets:pet_wolf":1,"deadlydinos:smallcarniribs":4,"inventorypets:pet_squid":2,"cataclysm:infernal_forge":1,"deadlydinos:smallraptorclaw":1,"minecraft:wheat_seeds":2,"deadlydinos:smallcarnispine":4,"cataclysm:void_core":1,"minecraft:birch_wood":1,"deadlydinos:rawmediummeat":4,"minecraft:iron_ingot":3,"minecraft:warped_slab":1,"iceandfire:dragonscale_bronze":1,"minecraft:iron_nugget":2,"tconstruct:scorched_glass_pane":1,"inventorypets:pet_mishumaa_saba":1,"tconstruct:tinkers_bronze_ingot":1,"tconstruct:copper_ore":3,"minecraft:chiseled_stone_bricks":1,"minecraft:quartz":1,"tconstruct:slimesteel_ingot":1,"inventorypets:pet_chicken":2,"minecraft:sand":17,"deadlydinos:smallcarniclaw":11,"deadlydinos:rawsmallmeat":7,"minecraft:quartz_pillar":1,"deadlydinos:medherbitooth":2,"cataclysm:burning_ashes":1,"minecraft:ink_sac":3,"minecraft:diorite":4,"minecraft:cyan_bed":1,"tconstruct:flint_shuriken":1,"deadlydinos:smallcarniskull":4,"inventorypets:pet_ghast":1,"minecraft:rotten_flesh":1,"minecraft:lime_banner":1,"inventorypets:pet_jukebox":1,"spartanweaponry:spear_gold":1,"waystones:pink_sharestone":1,"spartanweaponry:flanged_mace_iron":1,"deadlydinos:smallbone_shovel":1,"deadlydinos:smallcarnileg":6,"minecraft:granite":12,"minecraft:crimson_slab":1,"minecraft:cobblestone":21},"minecraft:killed":{"cataclysm:ignited_revenant":1,"alexsmobs:lobster":2,"minecraft:salmon":15,"deadlydinos:theri_entity":2,"minecraft:creeper":1,"minecraft:squid":1,"alexsmobs:crimson_mosquito":1,"deadlydinos:carflipped_entity":1,"cataclysm:ender_guardian":1,"minecraft:zombie":3,"iceandfire:fire_dragon":1,"cataclysm:ignis":1,"alexsmobs:fly":2,"minecraft:drowned":2,"cataclysm:ender_golem":1}},"DataVersion":2586}