{"stats":{"minecraft:picked_up":{"minecraft:redstone_torch":1,"minecraft:oak_log":9},"minecraft:used":{"minecraft:redstone_torch":1,"minecraft:oak_log":2,"minecraft:tnt":128},"minecraft:custom":{"minecraft:jump":24,"minecraft:time_since_rest":12318,"minecraft:walk_on_water_one_cm":1410,"minecraft:crouch_one_cm":134,"minecraft:play_one_minute":12318,"minecraft:leave_game":2,"minecraft:sprint_one_cm":5208,"minecraft:time_since_death":12318,"minecraft:walk_one_cm":9805,"minecraft:sneak_time":299,"minecraft:walk_under_water_one_cm":4668,"minecraft:fly_one_cm":481094},"minecraft:mined":{"minecraft:oak_log":9}},"DataVersion":2586}