{"stats":{"minecraft:mined":{"tconstruct:copper_ore":17,"minecraft:smooth_sandstone":5,"minecraft:crafting_table":4,"minecraft:granite":16,"minecraft:grass_block":1,"minecraft:chest":1,"minecraft:tall_grass":1,"minecraft:lapis_ore":3,"minecraft:sandstone":5,"minecraft:diorite":13,"minecraft:tall_seagrass":2,"minecraft:birch_log":19,"minecraft:iron_ore":27,"minecraft:andesite":5,"minecraft:grass":5,"minecraft:coal_ore":24,"minecraft:sand":27,"minecraft:terracotta":1,"minecraft:stone":162},"minecraft:dropped":{"minecraft:stone_axe":1,"chococraft:chocobo_feather":1,"minecraft:birch_sapling":1,"minecraft:dirt":2,"minecraft:cactus":5,"minecraft:terracotta":1},"minecraft:killed":{"minecraft:salmon":4,"tconstruct:sky_slime":23,"minecraft:sheep":3,"minecraft:chicken":1,"minecraft:cow":1},"minecraft:picked_up":{"minecraft:birch_log":19,"minecraft:crafting_table":4,"minecraft:wheat":2,"minecraft:chicken":1,"minecraft:clay_ball":1,"minecraft:andesite":5,"minecraft:salmon":3,"minecraft:leather":2,"minecraft:wooden_pickaxe":1,"minecraft:birch_planks":2,"minecraft:lapis_lazuli":25,"minecraft:dirt":2,"chococraft:chocobo_feather":1,"minecraft:smooth_sandstone":3,"minecraft:beef":2,"minecraft:iron_ore":27,"minecraft:light_gray_wool":1,"minecraft:chest":2,"minecraft:birch_sapling":2,"minecraft:sandstone":5,"tconstruct:copper_ore":17,"minecraft:sand":26,"minecraft:diorite":4,"tconstruct:sky_slime_ball":7,"minecraft:cactus":5,"minecraft:stone_axe":1,"minecraft:granite":15,"minecraft:terracotta":1,"minecraft:black_wool":1,"minecraft:mutton":5,"minecraft:coal":22,"minecraft:white_wool":1,"minecraft:cobblestone":160},"minecraft:broken":{"minecraft:stone_pickaxe":1},"minecraft:custom":{"minecraft:interact_with_furnace":7,"minecraft:mob_kills":32,"minecraft:interact_with_crafting_table":9,"minecraft:play_one_minute":25759,"minecraft:time_since_death":25759,"minecraft:time_since_rest":25759,"minecraft:sprint_one_cm":21192,"minecraft:damage_taken":130,"minecraft:walk_one_cm":49930,"minecraft:drop":7,"minecraft:damage_dealt":1053,"minecraft:swim_one_cm":1907,"minecraft:fly_one_cm":16400,"minecraft:open_chest":1,"minecraft:crouch_one_cm":807,"minecraft:sneak_time":458,"minecraft:walk_under_water_one_cm":3623,"minecraft:jump":188,"minecraft:walk_on_water_one_cm":16957,"minecraft:fall_one_cm":811},"minecraft:used":{"minecraft:diorite":4,"minecraft:stone_shovel":27,"minecraft:stone_pickaxe":131,"minecraft:chest":1,"minecraft:wooden_pickaxe":8,"minecraft:torch":11,"minecraft:sand":6,"minecraft:crafting_table":5,"minecraft:bread":3,"minecraft:iron_pickaxe":141,"minecraft:smooth_sandstone":3,"minecraft:stone_axe":20,"minecraft:cobblestone":10,"minecraft:furnace":2},"minecraft:crafted":{"minecraft:stone_shovel":1,"minecraft:crafting_table":1,"minecraft:wooden_pickaxe":1,"minecraft:furnace":4,"minecraft:birch_planks":76,"minecraft:stone_axe":1,"minecraft:air":0,"minecraft:iron_axe":1,"minecraft:stick":64,"minecraft:iron_ingot":10,"minecraft:iron_pickaxe":2,"minecraft:stone_pickaxe":1,"minecraft:torch":64}},"DataVersion":2586}