{"stats":{"minecraft:mined":{"tconstruct:copper_ore":21,"tconstruct:sky_slime_tall_grass":1,"minecraft:white_bed":1,"minecraft:dandelion":2,"minecraft:smooth_sandstone":5,"minecraft:crafting_table":4,"minecraft:torch":2,"minecraft:granite":16,"minecraft:grass_block":17,"minecraft:chest":1,"minecraft:cobblestone":2,"minecraft:tall_grass":2,"minecraft:cyan_bed":4,"minecraft:lapis_ore":3,"minecraft:sandstone":5,"minecraft:diorite":13,"minecraft:wall_torch":8,"minecraft:birch_planks":2,"minecraft:tall_seagrass":2,"minecraft:fire":2,"minecraft:furnace":4,"tconstruct:sky_earth_slime_grass":8,"minecraft:birch_log":19,"minecraft:iron_ore":27,"tconstruct:earth_slime_dirt":37,"minecraft:andesite":7,"minecraft:yellow_bed":2,"minecraft:grass":21,"minecraft:coal_ore":111,"minecraft:sand":39,"minecraft:dirt":22,"minecraft:terracotta":1,"minecraft:stone":166,"tconstruct:earth_congealed_slime":22,"tconstruct:sky_congealed_slime":17},"minecraft:dropped":{"minecraft:furnace":2,"minecraft:stone_axe":2,"minecraft:porkchop":7,"minecraft:wheat_seeds":3,"chococraft:chocobo_feather":1,"minecraft:wheat":2,"minecraft:birch_sapling":3,"minecraft:stone_shovel":1,"minecraft:cobblestone":50,"minecraft:rotten_flesh":1,"minecraft:leather":4,"minecraft:coal":32,"minecraft:light_weighted_pressure_plate":2,"minecraft:dirt":5,"inventorypets:nugget_lapis":4,"minecraft:sunflower":2,"minecraft:slime_ball":8,"minecraft:wooden_pickaxe":1,"minecraft:cactus":5,"minecraft:terracotta":1},"minecraft:killed":{"minecraft:pig":5,"minecraft:salmon":4,"tconstruct:sky_slime":23,"minecraft:sheep":10,"minecraft:zombie":1,"minecraft:chicken":1,"alexsmobs:gazelle":1,"minecraft:cow":2},"minecraft:picked_up":{"minecraft:birch_log":19,"minecraft:crafting_table":4,"minecraft:wheat":2,"minecraft:chicken":1,"minecraft:clay_ball":1,"minecraft:andesite":6,"minecraft:salmon":3,"minecraft:leather":4,"minecraft:wooden_pickaxe":2,"minecraft:birch_planks":4,"inventorypets:nugget_lapis":4,"waystones:sandy_waystone":2,"minecraft:yellow_bed":1,"alexsmobs:gazelle_horn":1,"minecraft:lapis_lazuli":25,"minecraft:dirt":19,"tconstruct:earth_slime_dirt":36,"chococraft:chocobo_feather":1,"minecraft:smooth_sandstone":3,"minecraft:wheat_seeds":3,"minecraft:light_weighted_pressure_plate":1,"minecraft:beef":3,"minecraft:iron_ore":35,"minecraft:light_gray_wool":1,"minecraft:chest":2,"minecraft:birch_sapling":4,"minecraft:furnace":2,"minecraft:sandstone":5,"tconstruct:copper_ore":21,"minecraft:quartz":3,"minecraft:torch":14,"minecraft:porkchop":18,"minecraft:sand":38,"minecraft:diorite":4,"minecraft:white_bed":1,"minecraft:cyan_bed":4,"tconstruct:sky_slime_ball":51,"minecraft:cactus":5,"minecraft:rotten_flesh":3,"minecraft:slime_ball":72,"minecraft:stone_axe":1,"waystones:waystone":2,"minecraft:granite":15,"minecraft:terracotta":1,"minecraft:black_wool":1,"minecraft:sunflower":2,"minecraft:mutton":17,"minecraft:coal":135,"minecraft:white_wool":8,"minecraft:cobblestone":167},"minecraft:broken":{"minecraft:stone_pickaxe":1},"minecraft:custom":{"minecraft:interact_with_furnace":28,"minecraft:mob_kills":47,"minecraft:interact_with_crafting_table":10,"minecraft:play_one_minute":109759,"minecraft:bell_ring":21,"minecraft:time_since_death":109759,"minecraft:sleep_in_bed":4,"minecraft:time_since_rest":10146,"minecraft:waystone_activated":2,"minecraft:sprint_one_cm":394767,"minecraft:damage_taken":1056,"minecraft:walk_one_cm":175713,"minecraft:drop":28,"minecraft:damage_dealt":2443,"minecraft:swim_one_cm":6850,"minecraft:fly_one_cm":228354,"minecraft:open_chest":4,"minecraft:crouch_one_cm":1453,"minecraft:sneak_time":697,"minecraft:walk_under_water_one_cm":12395,"minecraft:jump":1531,"minecraft:walk_on_water_one_cm":30231,"minecraft:fall_one_cm":35244},"minecraft:used":{"minecraft:water_bucket":8,"minecraft:diorite":4,"waystones:sandy_waystone":1,"minecraft:birch_planks":14,"minecraft:stone_shovel":129,"minecraft:stone_pickaxe":131,"minecraft:chest":1,"minecraft:wooden_pickaxe":8,"minecraft:torch":32,"minecraft:sand":18,"minecraft:mutton":2,"minecraft:crafting_table":5,"minecraft:golden_shovel":29,"waystones:waystone":1,"minecraft:apple":1,"minecraft:cyan_bed":2,"minecraft:iron_axe":58,"minecraft:bread":12,"minecraft:iron_pickaxe":253,"minecraft:smooth_sandstone":3,"minecraft:stone_axe":20,"minecraft:cobblestone":76,"minecraft:furnace":3,"minecraft:cooked_porkchop":11,"minecraft:bucket":9,"minecraft:andesite":6,"minecraft:yellow_bed":1,"tconstruct:earth_slime_dirt":26},"minecraft:crafted":{"minecraft:stone_shovel":1,"minecraft:cooked_porkchop":11,"minecraft:crafting_table":1,"minecraft:wooden_pickaxe":1,"minecraft:furnace":4,"minecraft:bucket":1,"minecraft:birch_planks":76,"minecraft:stone_axe":1,"minecraft:air":0,"minecraft:iron_chestplate":1,"minecraft:iron_axe":1,"minecraft:stick":64,"minecraft:iron_ingot":27,"minecraft:iron_pickaxe":2,"minecraft:stone_pickaxe":1,"minecraft:iron_leggings":1,"minecraft:torch":64}},"DataVersion":2586}