{"stats":{"minecraft:mined":{"tconstruct:copper_ore":30,"minecraft:diamond_ore":8,"iceandfire:silver_ore":29,"minecraft:crafting_table":9,"minecraft:torch":17,"minecraft:granite":29,"minecraft:grass_block":19,"minecraft:tall_grass":5,"iceandfire:amythest_ore":3,"minecraft:cyan_bed":1,"minecraft:sugar_cane":23,"minecraft:diorite":9,"minecraft:hay_block":43,"minecraft:lime_bed":4,"minecraft:redstone_ore":13,"minecraft:furnace":2,"iceandfire:copper_ore":8,"minecraft:birch_log":7,"minecraft:iron_ore":128,"minecraft:andesite":65,"minecraft:gold_block":1,"minecraft:grass":6,"minecraft:coal_ore":104,"minecraft:oak_log":12,"minecraft:sunflower":3,"minecraft:gravel":4,"minecraft:dirt":11,"minecraft:stone":604,"minecraft:gold_ore":8,"minecraft:oak_leaves":2},"minecraft:dropped":{"minecraft:bread":17,"minecraft:rotten_flesh":1,"minecraft:cobblestone":9,"minecraft:oak_planks":8,"minecraft:iron_hoe":1,"minecraft:granite":4,"iceandfire:copper_ore":1,"minecraft:stick":18,"minecraft:dirt":33,"minecraft:diorite":27,"minecraft:andesite":9,"minecraft:spider_eye":1,"minecraft:sunflower":2,"minecraft:iron_ore":1,"minecraft:wooden_pickaxe":1,"minecraft:iron_pickaxe":1,"minecraft:bone":8},"minecraft:killed":{"minecraft:husk":4,"minecraft:spider":2,"tconstruct:sky_slime":23,"minecraft:skeleton":4,"minecraft:zombie":3},"minecraft:picked_up":{"minecraft:lime_bed":6,"minecraft:crafting_table":10,"iceandfire:copper_ore":15,"minecraft:andesite":19,"tconstruct:materials_and_you":1,"minecraft:gold_block":2,"inventorypets:nugget_lapis":4,"minecraft:flint":4,"waystones:sandy_waystone":2,"minecraft:oak_log":11,"minecraft:shield":1,"minecraft:string":3,"minecraft:dirt":37,"minecraft:flint_and_steel":1,"minecraft:iron_leggings":1,"chococraft:chocobo_feather":2,"minecraft:bone":10,"iceandfire:amythest_gem":3,"minecraft:wheat_seeds":6,"minecraft:bucket":1,"minecraft:iron_ingot":49,"minecraft:iron_ore":205,"minecraft:iron_nugget":6,"minecraft:iron_pickaxe":3,"minecraft:sugar_cane":118,"minecraft:oak_planks":7,"minecraft:iron_boots":1,"minecraft:furnace":3,"minecraft:golden_helmet":1,"minecraft:stick":4,"tconstruct:copper_ore":29,"minecraft:torch":30,"minecraft:dandelion":1,"iceandfire:silver_ore":29,"minecraft:gravel":2,"minecraft:sand":21,"chococraft:gysahl_green_seeds":1,"minecraft:diorite":8,"minecraft:gold_ore":8,"minecraft:redstone":77,"minecraft:spider_eye":1,"minecraft:golden_chestplate":1,"alexsmobs:animal_dictionary":1,"minecraft:iron_hoe":1,"minecraft:stone_sword":1,"tconstruct:sky_slime_ball":28,"minecraft:arrow":16,"minecraft:rotten_flesh":9,"minecraft:diamond":8,"waystones:waystone":2,"minecraft:hay_block":67,"minecraft:granite":4,"minecraft:gold_ingot":2,"minecraft:bread":17,"alexsmobs:maggot":2,"inventorypets:nugget_diamond":4,"minecraft:coal":228,"minecraft:birch_log":14,"minecraft:cobblestone":339,"minecraft:sunflower":2},"minecraft:broken":{"minecraft:stone_pickaxe":1,"minecraft:iron_pickaxe":3},"minecraft:custom":{"minecraft:interact_with_furnace":17,"minecraft:mob_kills":34,"minecraft:interact_with_crafting_table":30,"minecraft:open_barrel":6,"minecraft:play_one_minute":121062,"minecraft:leave_game":2,"minecraft:time_since_death":28304,"minecraft:sleep_in_bed":5,"minecraft:time_since_rest":28359,"minecraft:waystone_activated":2,"minecraft:sprint_one_cm":270511,"minecraft:damage_taken":2396,"minecraft:walk_one_cm":181735,"minecraft:drop":57,"minecraft:damage_dealt":2878,"minecraft:swim_one_cm":16751,"minecraft:fly_one_cm":566531,"minecraft:open_chest":15,"minecraft:crouch_one_cm":43244,"minecraft:deaths":3,"minecraft:sneak_time":18586,"minecraft:walk_under_water_one_cm":34099,"minecraft:jump":2879,"minecraft:walk_on_water_one_cm":21512,"minecraft:fall_one_cm":90424},"minecraft:used":{"minecraft:water_bucket":40,"minecraft:diorite":1,"minecraft:stone_sword":82,"minecraft:stone_pickaxe":131,"minecraft:wooden_pickaxe":28,"minecraft:wooden_shovel":20,"minecraft:cooked_salmon":3,"minecraft:torch":27,"minecraft:dirt":10,"minecraft:sand":21,"minecraft:lime_bed":4,"minecraft:crafting_table":15,"alexsmobs:maggot":2,"minecraft:bread":27,"minecraft:iron_pickaxe":925,"minecraft:gravel":2,"minecraft:cobblestone":139,"minecraft:furnace":2,"minecraft:bucket":40,"minecraft:andesite":9,"minecraft:cooked_beef":2},"minecraft:crafted":{"minecraft:cooked_beef":2,"minecraft:oak_planks":44,"minecraft:wooden_shovel":1,"minecraft:crafting_table":6,"minecraft:wooden_pickaxe":1,"minecraft:furnace":1,"minecraft:cooked_salmon":3,"minecraft:bucket":1,"minecraft:birch_planks":28,"minecraft:bread":69,"minecraft:air":0,"minecraft:iron_boots":1,"minecraft:shield":1,"minecraft:stick":40,"minecraft:iron_ingot":20,"minecraft:iron_pickaxe":4,"minecraft:stone_pickaxe":1,"minecraft:stone_sword":1,"minecraft:iron_leggings":1,"minecraft:gold_ingot":11,"minecraft:torch":36,"minecraft:wheat":207},"minecraft:killed_by":{"minecraft:skeleton":1,"minecraft:blaze":1}},"DataVersion":2586}