{"stats":{"minecraft:mined":{"tconstruct:copper_ore":30,"minecraft:torch":3,"minecraft:crafting_table":6,"minecraft:granite":10,"minecraft:grass_block":2,"minecraft:sugar_cane":23,"minecraft:diorite":1,"minecraft:hay_block":43,"minecraft:lime_bed":3,"minecraft:furnace":1,"iceandfire:copper_ore":2,"minecraft:iron_ore":25,"minecraft:andesite":9,"minecraft:gold_block":1,"minecraft:coal_ore":76,"minecraft:oak_log":10,"minecraft:gravel":4,"minecraft:dirt":4,"minecraft:stone":117},"minecraft:killed":{"minecraft:husk":4,"minecraft:spider":1,"minecraft:skeleton":1,"minecraft:zombie":1},"minecraft:picked_up":{"minecraft:lime_bed":3,"minecraft:crafting_table":6,"iceandfire:copper_ore":2,"minecraft:andesite":9,"minecraft:gold_block":1,"minecraft:flint":2,"waystones:sandy_waystone":1,"minecraft:oak_log":10,"minecraft:dirt":6,"minecraft:string":3,"chococraft:chocobo_feather":1,"minecraft:bone":2,"minecraft:iron_ore":25,"minecraft:sugar_cane":59,"minecraft:furnace":1,"tconstruct:copper_ore":29,"minecraft:torch":4,"minecraft:gravel":2,"minecraft:sand":21,"minecraft:diorite":1,"minecraft:spider_eye":1,"minecraft:rotten_flesh":9,"minecraft:hay_block":43,"alexsmobs:maggot":2,"minecraft:coal":98,"minecraft:cobblestone":89},"minecraft:broken":{"minecraft:stone_pickaxe":1},"minecraft:custom":{"minecraft:interact_with_furnace":14,"minecraft:mob_kills":7,"minecraft:interact_with_crafting_table":19,"minecraft:open_barrel":2,"minecraft:play_one_minute":42008,"minecraft:time_since_death":42008,"minecraft:sleep_in_bed":2,"minecraft:time_since_rest":26403,"minecraft:waystone_activated":1,"minecraft:sprint_one_cm":87993,"minecraft:damage_taken":439,"minecraft:walk_one_cm":65850,"minecraft:damage_dealt":1347,"minecraft:swim_one_cm":3797,"minecraft:fly_one_cm":193675,"minecraft:open_chest":5,"minecraft:crouch_one_cm":10630,"minecraft:sneak_time":6332,"minecraft:walk_under_water_one_cm":7100,"minecraft:jump":987,"minecraft:walk_on_water_one_cm":5164,"minecraft:fall_one_cm":25752},"minecraft:used":{"minecraft:water_bucket":5,"minecraft:diorite":1,"minecraft:stone_sword":31,"minecraft:stone_pickaxe":131,"minecraft:wooden_pickaxe":28,"minecraft:cooked_salmon":3,"minecraft:torch":8,"minecraft:dirt":6,"minecraft:sand":21,"minecraft:crafting_table":7,"minecraft:lime_bed":2,"alexsmobs:maggot":2,"minecraft:bread":3,"minecraft:iron_pickaxe":145,"minecraft:gravel":2,"minecraft:cobblestone":63,"minecraft:furnace":2,"minecraft:andesite":9,"minecraft:bucket":6,"minecraft:cooked_beef":2},"minecraft:crafted":{"minecraft:cooked_beef":2,"minecraft:oak_planks":40,"minecraft:crafting_table":1,"minecraft:wooden_pickaxe":1,"minecraft:furnace":1,"minecraft:cooked_salmon":3,"minecraft:bucket":1,"minecraft:bread":3,"minecraft:air":0,"minecraft:iron_boots":1,"minecraft:shield":1,"minecraft:stick":12,"minecraft:iron_ingot":20,"minecraft:iron_pickaxe":1,"minecraft:stone_pickaxe":1,"minecraft:stone_sword":1,"minecraft:iron_leggings":1,"minecraft:torch":20,"minecraft:wheat":9}},"DataVersion":2586}