{"stats":{"minecraft:mined":{"tconstruct:copper_ore":30,"iceandfire:silver_ore":8,"minecraft:torch":12,"minecraft:crafting_table":9,"minecraft:granite":10,"minecraft:grass_block":2,"minecraft:tall_grass":3,"minecraft:sugar_cane":23,"minecraft:diorite":1,"minecraft:hay_block":43,"minecraft:lime_bed":3,"minecraft:furnace":2,"iceandfire:copper_ore":5,"minecraft:iron_ore":50,"minecraft:andesite":12,"minecraft:gold_block":1,"minecraft:grass":2,"minecraft:coal_ore":82,"minecraft:oak_log":10,"minecraft:sunflower":2,"minecraft:gravel":4,"minecraft:dirt":4,"minecraft:stone":124},"minecraft:dropped":{"minecraft:oak_planks":8,"minecraft:sunflower":2},"minecraft:killed":{"minecraft:husk":4,"minecraft:spider":1,"tconstruct:sky_slime":19,"minecraft:skeleton":2,"minecraft:zombie":3},"minecraft:picked_up":{"minecraft:lime_bed":3,"minecraft:crafting_table":9,"iceandfire:copper_ore":4,"minecraft:andesite":9,"minecraft:gold_block":1,"minecraft:flint":2,"waystones:sandy_waystone":1,"minecraft:oak_log":10,"minecraft:dirt":6,"minecraft:string":3,"chococraft:chocobo_feather":1,"minecraft:bone":2,"minecraft:iron_ingot":25,"minecraft:iron_ore":57,"minecraft:sugar_cane":59,"minecraft:furnace":2,"tconstruct:copper_ore":29,"minecraft:torch":14,"iceandfire:silver_ore":8,"minecraft:gravel":2,"minecraft:sand":21,"minecraft:diorite":1,"minecraft:spider_eye":1,"tconstruct:sky_slime_ball":12,"minecraft:arrow":4,"minecraft:rotten_flesh":9,"minecraft:hay_block":43,"alexsmobs:maggot":2,"minecraft:coal":117,"minecraft:cobblestone":104,"minecraft:sunflower":2},"minecraft:broken":{"minecraft:stone_pickaxe":1},"minecraft:custom":{"minecraft:interact_with_furnace":17,"minecraft:mob_kills":27,"minecraft:interact_with_crafting_table":22,"minecraft:open_barrel":2,"minecraft:play_one_minute":54008,"minecraft:time_since_death":54008,"minecraft:sleep_in_bed":2,"minecraft:time_since_rest":38403,"minecraft:waystone_activated":1,"minecraft:sprint_one_cm":117796,"minecraft:damage_taken":697,"minecraft:walk_one_cm":104838,"minecraft:drop":9,"minecraft:damage_dealt":2308,"minecraft:swim_one_cm":4615,"minecraft:fly_one_cm":235277,"minecraft:open_chest":5,"minecraft:crouch_one_cm":11929,"minecraft:sneak_time":6919,"minecraft:walk_under_water_one_cm":7165,"minecraft:jump":1261,"minecraft:walk_on_water_one_cm":5316,"minecraft:fall_one_cm":33485},"minecraft:used":{"minecraft:water_bucket":6,"minecraft:diorite":1,"minecraft:stone_sword":64,"minecraft:stone_pickaxe":131,"minecraft:wooden_pickaxe":28,"minecraft:cooked_salmon":3,"minecraft:torch":21,"minecraft:dirt":6,"minecraft:sand":21,"minecraft:crafting_table":9,"minecraft:lime_bed":2,"alexsmobs:maggot":2,"minecraft:bread":9,"minecraft:iron_pickaxe":205,"minecraft:gravel":2,"minecraft:cobblestone":63,"minecraft:furnace":2,"minecraft:andesite":9,"minecraft:bucket":7,"minecraft:cooked_beef":2},"minecraft:crafted":{"minecraft:cooked_beef":2,"minecraft:oak_planks":40,"minecraft:crafting_table":1,"minecraft:wooden_pickaxe":1,"minecraft:furnace":1,"minecraft:cooked_salmon":3,"minecraft:bucket":1,"minecraft:bread":15,"minecraft:air":0,"minecraft:iron_boots":1,"minecraft:shield":1,"minecraft:stick":12,"minecraft:iron_ingot":20,"minecraft:iron_pickaxe":1,"minecraft:stone_pickaxe":1,"minecraft:stone_sword":1,"minecraft:gold_ingot":2,"minecraft:iron_leggings":1,"minecraft:torch":20,"minecraft:wheat":45}},"DataVersion":2586}