{"stats":{"minecraft:mined":{"tconstruct:copper_ore":6,"minecraft:hay_block":43,"minecraft:lime_bed":3,"minecraft:crafting_table":3,"minecraft:gold_block":1,"minecraft:oak_log":5,"minecraft:coal_ore":29,"minecraft:stone":22,"minecraft:sugar_cane":14},"minecraft:killed":{"minecraft:husk":4,"minecraft:spider":1},"minecraft:picked_up":{"minecraft:lime_bed":3,"minecraft:crafting_table":3,"tconstruct:copper_ore":6,"minecraft:gold_block":1,"minecraft:sand":21,"waystones:sandy_waystone":1,"minecraft:oak_log":5,"minecraft:spider_eye":1,"minecraft:string":3,"chococraft:chocobo_feather":1,"minecraft:rotten_flesh":6,"minecraft:hay_block":43,"alexsmobs:maggot":2,"minecraft:sugar_cane":40,"minecraft:coal":29,"minecraft:cobblestone":22},"minecraft:custom":{"minecraft:time_since_rest":2403,"minecraft:waystone_activated":1,"minecraft:interact_with_furnace":2,"minecraft:sprint_one_cm":31519,"minecraft:damage_taken":216,"minecraft:walk_one_cm":39144,"minecraft:mob_kills":5,"minecraft:damage_dealt":958,"minecraft:fly_one_cm":84175,"minecraft:interact_with_crafting_table":8,"minecraft:open_barrel":2,"minecraft:open_chest":5,"minecraft:crouch_one_cm":4386,"minecraft:play_one_minute":18008,"minecraft:sneak_time":2115,"minecraft:walk_under_water_one_cm":863,"minecraft:jump":352,"minecraft:time_since_death":18008,"minecraft:walk_on_water_one_cm":984,"minecraft:sleep_in_bed":2,"minecraft:fall_one_cm":9223},"minecraft:used":{"minecraft:stone_sword":24,"minecraft:stone_pickaxe":50,"minecraft:iron_pickaxe":6,"minecraft:wooden_pickaxe":28,"minecraft:cooked_salmon":3,"minecraft:cobblestone":1,"minecraft:lime_bed":2,"minecraft:crafting_table":3,"minecraft:cooked_beef":1},"minecraft:crafted":{"minecraft:cooked_beef":2,"minecraft:oak_planks":20,"minecraft:crafting_table":1,"minecraft:stick":8,"minecraft:wooden_pickaxe":1,"minecraft:iron_ingot":3,"minecraft:iron_pickaxe":1,"minecraft:stone_pickaxe":1,"minecraft:stone_sword":1,"minecraft:cooked_salmon":3,"minecraft:air":0}},"DataVersion":2586}