{"stats":{"minecraft:mined":{"tconstruct:copper_ore":26,"minecraft:hay_block":43,"minecraft:lime_bed":3,"minecraft:furnace":1,"iceandfire:copper_ore":2,"minecraft:iron_ore":16,"minecraft:andesite":2,"minecraft:crafting_table":5,"minecraft:gold_block":1,"minecraft:oak_log":10,"minecraft:coal_ore":76,"minecraft:stone":28,"minecraft:sugar_cane":23},"minecraft:killed":{"minecraft:skeleton":1,"minecraft:husk":4,"minecraft:zombie":1,"minecraft:spider":1},"minecraft:picked_up":{"minecraft:lime_bed":3,"minecraft:crafting_table":5,"tconstruct:copper_ore":25,"iceandfire:copper_ore":2,"minecraft:andesite":2,"minecraft:gold_block":1,"minecraft:sand":21,"waystones:sandy_waystone":1,"minecraft:oak_log":10,"minecraft:spider_eye":1,"minecraft:string":3,"chococraft:chocobo_feather":1,"minecraft:bone":2,"minecraft:rotten_flesh":9,"minecraft:hay_block":43,"minecraft:iron_ore":16,"alexsmobs:maggot":2,"minecraft:sugar_cane":59,"minecraft:coal":98,"minecraft:furnace":1,"minecraft:cobblestone":28},"minecraft:broken":{"minecraft:stone_pickaxe":1},"minecraft:custom":{"minecraft:time_since_rest":14403,"minecraft:waystone_activated":1,"minecraft:interact_with_furnace":8,"minecraft:sprint_one_cm":65485,"minecraft:damage_taken":324,"minecraft:walk_one_cm":51649,"minecraft:mob_kills":7,"minecraft:damage_dealt":1347,"minecraft:swim_one_cm":2960,"minecraft:fly_one_cm":161861,"minecraft:interact_with_crafting_table":16,"minecraft:open_barrel":2,"minecraft:open_chest":5,"minecraft:crouch_one_cm":8555,"minecraft:play_one_minute":30008,"minecraft:sneak_time":4845,"minecraft:walk_under_water_one_cm":1194,"minecraft:jump":689,"minecraft:time_since_death":30008,"minecraft:walk_on_water_one_cm":2095,"minecraft:sleep_in_bed":2,"minecraft:fall_one_cm":19886},"minecraft:used":{"minecraft:stone_sword":31,"minecraft:bread":2,"minecraft:stone_pickaxe":131,"minecraft:iron_pickaxe":20,"minecraft:wooden_pickaxe":28,"minecraft:cooked_salmon":3,"minecraft:torch":3,"minecraft:cobblestone":9,"minecraft:lime_bed":2,"minecraft:crafting_table":5,"minecraft:furnace":1,"minecraft:bucket":1,"minecraft:andesite":2,"minecraft:cooked_beef":2,"alexsmobs:maggot":2},"minecraft:crafted":{"minecraft:cooked_beef":2,"minecraft:oak_planks":20,"minecraft:iron_boots":1,"minecraft:crafting_table":1,"minecraft:stick":8,"minecraft:wooden_pickaxe":1,"minecraft:iron_ingot":19,"minecraft:iron_pickaxe":1,"minecraft:stone_pickaxe":1,"minecraft:stone_sword":1,"minecraft:iron_leggings":1,"minecraft:furnace":1,"minecraft:cooked_salmon":3,"minecraft:bucket":1,"minecraft:torch":4,"minecraft:bread":3,"minecraft:wheat":9,"minecraft:air":0}},"DataVersion":2586}