{"stats":{"minecraft:mined":{"tconstruct:copper_ore":30,"iceandfire:silver_ore":16,"minecraft:crafting_table":9,"minecraft:torch":16,"minecraft:granite":10,"minecraft:grass_block":4,"minecraft:tall_grass":5,"minecraft:cyan_bed":1,"minecraft:sugar_cane":23,"minecraft:diorite":1,"minecraft:hay_block":43,"minecraft:lime_bed":4,"minecraft:redstone_ore":4,"minecraft:furnace":2,"iceandfire:copper_ore":8,"minecraft:birch_log":7,"minecraft:iron_ore":77,"minecraft:andesite":12,"minecraft:gold_block":1,"minecraft:grass":5,"minecraft:coal_ore":84,"minecraft:oak_log":12,"minecraft:sunflower":3,"minecraft:gravel":4,"minecraft:dirt":6,"minecraft:stone":153,"minecraft:oak_leaves":2},"minecraft:dropped":{"minecraft:bread":17,"minecraft:oak_planks":8,"minecraft:iron_hoe":1,"iceandfire:copper_ore":1,"minecraft:stick":6,"minecraft:spider_eye":1,"minecraft:sunflower":2,"minecraft:iron_ore":1,"minecraft:wooden_pickaxe":1},"minecraft:killed":{"minecraft:husk":4,"minecraft:spider":2,"tconstruct:sky_slime":23,"minecraft:skeleton":4,"minecraft:zombie":3},"minecraft:picked_up":{"minecraft:lime_bed":6,"minecraft:crafting_table":10,"iceandfire:copper_ore":15,"minecraft:andesite":9,"tconstruct:materials_and_you":1,"minecraft:gold_block":2,"inventorypets:nugget_lapis":4,"minecraft:flint":4,"waystones:sandy_waystone":2,"minecraft:oak_log":11,"minecraft:shield":1,"minecraft:string":3,"minecraft:dirt":17,"minecraft:flint_and_steel":1,"minecraft:iron_leggings":1,"chococraft:chocobo_feather":2,"minecraft:bone":6,"minecraft:wheat_seeds":6,"minecraft:bucket":1,"minecraft:iron_ingot":49,"minecraft:iron_ore":154,"minecraft:iron_nugget":6,"minecraft:iron_pickaxe":2,"minecraft:sugar_cane":118,"minecraft:oak_planks":7,"minecraft:iron_boots":1,"minecraft:furnace":3,"minecraft:golden_helmet":1,"minecraft:stick":4,"tconstruct:copper_ore":29,"minecraft:torch":29,"minecraft:dandelion":1,"iceandfire:silver_ore":16,"minecraft:gravel":2,"minecraft:sand":21,"chococraft:gysahl_green_seeds":1,"minecraft:diorite":1,"minecraft:redstone":36,"minecraft:spider_eye":1,"minecraft:golden_chestplate":1,"alexsmobs:animal_dictionary":1,"minecraft:iron_hoe":1,"minecraft:stone_sword":1,"tconstruct:sky_slime_ball":28,"minecraft:arrow":16,"minecraft:rotten_flesh":9,"waystones:waystone":2,"minecraft:hay_block":67,"minecraft:gold_ingot":2,"minecraft:bread":17,"alexsmobs:maggot":2,"inventorypets:nugget_diamond":4,"minecraft:coal":208,"minecraft:birch_log":14,"minecraft:cobblestone":143,"minecraft:sunflower":2},"minecraft:broken":{"minecraft:stone_pickaxe":1,"minecraft:iron_pickaxe":1},"minecraft:custom":{"minecraft:interact_with_furnace":17,"minecraft:mob_kills":34,"minecraft:interact_with_crafting_table":26,"minecraft:open_barrel":6,"minecraft:play_one_minute":97062,"minecraft:leave_game":2,"minecraft:time_since_death":4304,"minecraft:sleep_in_bed":5,"minecraft:time_since_rest":4359,"minecraft:waystone_activated":2,"minecraft:sprint_one_cm":267833,"minecraft:damage_taken":2306,"minecraft:walk_one_cm":164035,"minecraft:drop":34,"minecraft:damage_dealt":2878,"minecraft:swim_one_cm":16751,"minecraft:fly_one_cm":565742,"minecraft:open_chest":8,"minecraft:crouch_one_cm":14262,"minecraft:deaths":3,"minecraft:sneak_time":8196,"minecraft:walk_under_water_one_cm":24714,"minecraft:jump":2817,"minecraft:walk_on_water_one_cm":20908,"minecraft:fall_one_cm":89880},"minecraft:used":{"minecraft:water_bucket":40,"minecraft:diorite":1,"minecraft:stone_sword":82,"minecraft:stone_pickaxe":131,"minecraft:wooden_pickaxe":28,"minecraft:cooked_salmon":3,"minecraft:torch":27,"minecraft:dirt":10,"minecraft:sand":21,"minecraft:lime_bed":4,"minecraft:crafting_table":11,"alexsmobs:maggot":2,"minecraft:bread":24,"minecraft:iron_pickaxe":281,"minecraft:gravel":2,"minecraft:cobblestone":131,"minecraft:furnace":2,"minecraft:bucket":40,"minecraft:andesite":9,"minecraft:cooked_beef":2},"minecraft:crafted":{"minecraft:cooked_beef":2,"minecraft:oak_planks":44,"minecraft:crafting_table":3,"minecraft:wooden_pickaxe":1,"minecraft:furnace":1,"minecraft:cooked_salmon":3,"minecraft:bucket":1,"minecraft:bread":57,"minecraft:air":0,"minecraft:iron_boots":1,"minecraft:shield":1,"minecraft:stick":16,"minecraft:iron_ingot":20,"minecraft:iron_pickaxe":2,"minecraft:stone_pickaxe":1,"minecraft:stone_sword":1,"minecraft:iron_leggings":1,"minecraft:gold_ingot":2,"minecraft:torch":20,"minecraft:wheat":171},"minecraft:killed_by":{"minecraft:skeleton":1,"minecraft:blaze":1}},"DataVersion":2586}