{"stats":{"minecraft:mined":{"tconstruct:copper_ore":30,"iceandfire:silver_ore":16,"minecraft:crafting_table":9,"minecraft:torch":13,"minecraft:granite":10,"minecraft:grass_block":2,"minecraft:tall_grass":5,"minecraft:cyan_bed":1,"minecraft:sugar_cane":23,"minecraft:diorite":1,"minecraft:hay_block":43,"minecraft:lime_bed":3,"minecraft:redstone_ore":4,"minecraft:furnace":2,"iceandfire:copper_ore":8,"minecraft:iron_ore":77,"minecraft:andesite":12,"minecraft:gold_block":1,"minecraft:grass":4,"minecraft:oak_log":10,"minecraft:coal_ore":84,"minecraft:sunflower":3,"minecraft:gravel":4,"minecraft:dirt":5,"minecraft:stone":153},"minecraft:dropped":{"minecraft:bread":17,"minecraft:oak_planks":8,"minecraft:iron_hoe":1,"iceandfire:copper_ore":1,"minecraft:stick":6,"minecraft:spider_eye":1,"minecraft:sunflower":2,"minecraft:iron_ore":1,"minecraft:wooden_pickaxe":1},"minecraft:killed":{"minecraft:husk":4,"minecraft:spider":2,"tconstruct:sky_slime":19,"minecraft:skeleton":4,"minecraft:zombie":3},"minecraft:picked_up":{"minecraft:lime_bed":3,"minecraft:crafting_table":9,"iceandfire:copper_ore":8,"minecraft:andesite":9,"minecraft:gold_block":1,"minecraft:flint":2,"waystones:sandy_waystone":1,"minecraft:oak_log":10,"minecraft:dirt":10,"minecraft:string":3,"chococraft:chocobo_feather":1,"minecraft:bone":3,"minecraft:iron_ingot":25,"minecraft:iron_ore":90,"minecraft:iron_pickaxe":1,"minecraft:sugar_cane":59,"minecraft:furnace":2,"minecraft:stick":4,"tconstruct:copper_ore":29,"minecraft:torch":14,"minecraft:gravel":2,"iceandfire:silver_ore":16,"minecraft:sand":21,"minecraft:diorite":1,"minecraft:redstone":18,"minecraft:spider_eye":1,"minecraft:iron_hoe":1,"tconstruct:sky_slime_ball":12,"minecraft:arrow":8,"minecraft:rotten_flesh":9,"waystones:waystone":1,"minecraft:hay_block":43,"alexsmobs:maggot":2,"minecraft:coal":121,"minecraft:cobblestone":143,"minecraft:sunflower":2},"minecraft:broken":{"minecraft:stone_pickaxe":1,"minecraft:iron_pickaxe":1},"minecraft:custom":{"minecraft:interact_with_furnace":17,"minecraft:mob_kills":30,"minecraft:interact_with_crafting_table":26,"minecraft:open_barrel":2,"minecraft:play_one_minute":70494,"minecraft:leave_game":1,"minecraft:time_since_death":70494,"minecraft:sleep_in_bed":2,"minecraft:time_since_rest":54889,"minecraft:waystone_activated":2,"minecraft:sprint_one_cm":158150,"minecraft:damage_taken":921,"minecraft:walk_one_cm":135607,"minecraft:drop":34,"minecraft:damage_dealt":2807,"minecraft:swim_one_cm":7103,"minecraft:fly_one_cm":316505,"minecraft:open_chest":5,"minecraft:crouch_one_cm":12971,"minecraft:sneak_time":7469,"minecraft:walk_under_water_one_cm":8838,"minecraft:jump":1762,"minecraft:walk_on_water_one_cm":10640,"minecraft:fall_one_cm":44866},"minecraft:used":{"minecraft:water_bucket":9,"minecraft:diorite":1,"minecraft:stone_sword":78,"minecraft:stone_pickaxe":131,"minecraft:wooden_pickaxe":28,"minecraft:cooked_salmon":3,"minecraft:torch":23,"minecraft:dirt":8,"minecraft:sand":21,"minecraft:lime_bed":2,"minecraft:crafting_table":11,"alexsmobs:maggot":2,"minecraft:bread":15,"minecraft:iron_pickaxe":281,"minecraft:gravel":2,"minecraft:cobblestone":106,"minecraft:furnace":2,"minecraft:bucket":10,"minecraft:andesite":9,"minecraft:cooked_beef":2},"minecraft:crafted":{"minecraft:cooked_beef":2,"minecraft:oak_planks":40,"minecraft:crafting_table":2,"minecraft:wooden_pickaxe":1,"minecraft:furnace":1,"minecraft:cooked_salmon":3,"minecraft:bucket":1,"minecraft:bread":57,"minecraft:air":0,"minecraft:iron_boots":1,"minecraft:shield":1,"minecraft:stick":16,"minecraft:iron_ingot":20,"minecraft:iron_pickaxe":2,"minecraft:stone_pickaxe":1,"minecraft:stone_sword":1,"minecraft:iron_leggings":1,"minecraft:gold_ingot":2,"minecraft:torch":20,"minecraft:wheat":171}},"DataVersion":2586}