{"stats":{"minecraft:mined":{"tconstruct:copper_ore":30,"iceandfire:silver_ore":16,"minecraft:crafting_table":9,"minecraft:torch":16,"minecraft:granite":10,"minecraft:grass_block":2,"minecraft:tall_grass":5,"minecraft:cyan_bed":1,"minecraft:sugar_cane":23,"minecraft:diorite":1,"minecraft:hay_block":43,"minecraft:lime_bed":4,"minecraft:redstone_ore":4,"minecraft:furnace":2,"iceandfire:copper_ore":8,"minecraft:iron_ore":77,"minecraft:andesite":12,"minecraft:gold_block":1,"minecraft:grass":4,"minecraft:oak_log":10,"minecraft:coal_ore":84,"minecraft:sunflower":3,"minecraft:gravel":4,"minecraft:dirt":6,"minecraft:stone":153},"minecraft:dropped":{"minecraft:bread":17,"minecraft:oak_planks":8,"minecraft:iron_hoe":1,"iceandfire:copper_ore":1,"minecraft:stick":6,"minecraft:spider_eye":1,"minecraft:sunflower":2,"minecraft:iron_ore":1,"minecraft:wooden_pickaxe":1},"minecraft:killed":{"minecraft:husk":4,"minecraft:spider":2,"tconstruct:sky_slime":19,"minecraft:skeleton":4,"minecraft:zombie":3},"minecraft:picked_up":{"minecraft:lime_bed":5,"minecraft:crafting_table":9,"iceandfire:copper_ore":15,"minecraft:andesite":9,"tconstruct:materials_and_you":1,"minecraft:gold_block":2,"minecraft:flint":2,"waystones:sandy_waystone":2,"minecraft:oak_log":10,"minecraft:shield":1,"minecraft:dirt":15,"minecraft:string":3,"chococraft:chocobo_feather":2,"minecraft:bone":6,"minecraft:wheat_seeds":3,"minecraft:bucket":1,"minecraft:iron_ingot":25,"minecraft:iron_ore":154,"minecraft:iron_pickaxe":2,"minecraft:sugar_cane":118,"minecraft:oak_planks":7,"minecraft:iron_boots":1,"minecraft:furnace":3,"minecraft:stick":4,"tconstruct:copper_ore":29,"minecraft:torch":29,"minecraft:gravel":2,"iceandfire:silver_ore":16,"minecraft:sand":21,"minecraft:diorite":1,"minecraft:redstone":36,"minecraft:golden_chestplate":1,"minecraft:spider_eye":1,"minecraft:stone_sword":1,"minecraft:iron_hoe":1,"tconstruct:sky_slime_ball":12,"minecraft:arrow":16,"minecraft:rotten_flesh":9,"waystones:waystone":1,"minecraft:hay_block":67,"minecraft:gold_ingot":2,"alexsmobs:maggot":2,"minecraft:coal":121,"minecraft:cobblestone":143,"minecraft:sunflower":2},"minecraft:broken":{"minecraft:stone_pickaxe":1,"minecraft:iron_pickaxe":1},"minecraft:custom":{"minecraft:interact_with_furnace":17,"minecraft:mob_kills":30,"minecraft:interact_with_crafting_table":26,"minecraft:open_barrel":2,"minecraft:play_one_minute":82494,"minecraft:leave_game":1,"minecraft:time_since_death":3923,"minecraft:sleep_in_bed":4,"minecraft:time_since_rest":3968,"minecraft:waystone_activated":2,"minecraft:sprint_one_cm":201494,"minecraft:damage_taken":1601,"minecraft:walk_one_cm":145039,"minecraft:drop":34,"minecraft:damage_dealt":2818,"minecraft:swim_one_cm":11208,"minecraft:fly_one_cm":425774,"minecraft:open_chest":5,"minecraft:crouch_one_cm":13845,"minecraft:deaths":1,"minecraft:sneak_time":8000,"minecraft:walk_under_water_one_cm":21265,"minecraft:jump":2243,"minecraft:walk_on_water_one_cm":16853,"minecraft:fall_one_cm":67367},"minecraft:used":{"minecraft:water_bucket":39,"minecraft:diorite":1,"minecraft:stone_sword":80,"minecraft:stone_pickaxe":131,"minecraft:wooden_pickaxe":28,"minecraft:cooked_salmon":3,"minecraft:torch":27,"minecraft:dirt":10,"minecraft:sand":21,"minecraft:lime_bed":3,"minecraft:crafting_table":11,"alexsmobs:maggot":2,"minecraft:bread":20,"minecraft:iron_pickaxe":281,"minecraft:gravel":2,"minecraft:cobblestone":131,"minecraft:furnace":2,"minecraft:bucket":39,"minecraft:andesite":9,"minecraft:cooked_beef":2},"minecraft:crafted":{"minecraft:cooked_beef":2,"minecraft:oak_planks":40,"minecraft:crafting_table":2,"minecraft:wooden_pickaxe":1,"minecraft:furnace":1,"minecraft:cooked_salmon":3,"minecraft:bucket":1,"minecraft:bread":57,"minecraft:air":0,"minecraft:iron_boots":1,"minecraft:shield":1,"minecraft:stick":16,"minecraft:iron_ingot":20,"minecraft:iron_pickaxe":2,"minecraft:stone_pickaxe":1,"minecraft:stone_sword":1,"minecraft:iron_leggings":1,"minecraft:gold_ingot":2,"minecraft:torch":20,"minecraft:wheat":171},"minecraft:killed_by":{"minecraft:blaze":1}},"DataVersion":2586}