{"stats":{"minecraft:mined":{"minecraft:coal_ore":17,"minecraft:oak_log":5,"minecraft:stone":15,"minecraft:crafting_table":1},"minecraft:picked_up":{"minecraft:crafting_table":1,"minecraft:oak_log":5,"alexsmobs:maggot":2,"minecraft:coal":17,"minecraft:cobblestone":15},"minecraft:custom":{"minecraft:time_since_rest":6008,"minecraft:open_chest":2,"minecraft:play_one_minute":6008,"minecraft:crouch_one_cm":2686,"minecraft:sprint_one_cm":5052,"minecraft:walk_one_cm":4235,"minecraft:sneak_time":1325,"minecraft:jump":68,"minecraft:time_since_death":6008,"minecraft:fall_one_cm":1730,"minecraft:interact_with_crafting_table":5,"minecraft:fly_one_cm":16091},"minecraft:used":{"minecraft:crafting_table":2,"minecraft:stone_pickaxe":25,"minecraft:wooden_pickaxe":8},"minecraft:crafted":{"minecraft:oak_planks":20,"minecraft:crafting_table":1,"minecraft:stick":4,"minecraft:iron_ingot":3,"minecraft:wooden_pickaxe":1,"minecraft:stone_pickaxe":1}},"DataVersion":2586}