{"stats":{"minecraft:mined":{"minecraft:birch_log":14,"minecraft:dark_oak_log":2,"minecraft:sunflower":1,"minecraft:cyan_bed":3,"minecraft:oak_leaves":1,"minecraft:green_bed":1},"minecraft:dropped":{"alexsmobs:maggot":2,"minecraft:wheat_seeds":1,"minecraft:torch":1,"minecraft:sunflower":3},"minecraft:picked_up":{"minecraft:birch_log":14,"minecraft:stick":4,"minecraft:crafting_table":1,"minecraft:wheat":2,"minecraft:torch":1,"tconstruct:materials_and_you":1,"minecraft:green_bed":2,"minecraft:birch_planks":50,"minecraft:oak_log":1,"minecraft:cyan_bed":3,"minecraft:dark_oak_log":2,"alexsmobs:animal_dictionary":1,"minecraft:dirt":14,"chococraft:chocobo_feather":4,"minecraft:cactus":6,"minecraft:wheat_seeds":2,"minecraft:bread":4,"alexsmobs:maggot":2,"minecraft:oak_sapling":7,"minecraft:sunflower":3,"minecraft:green_dye":1},"minecraft:custom":{"minecraft:time_since_rest":2803,"minecraft:sprint_one_cm":78953,"minecraft:damage_taken":917,"minecraft:walk_one_cm":27293,"minecraft:drop":6,"minecraft:damage_dealt":308,"minecraft:swim_one_cm":966,"minecraft:fly_one_cm":200004,"minecraft:open_chest":2,"minecraft:crouch_one_cm":5467,"minecraft:play_one_minute":16892,"minecraft:deaths":3,"minecraft:sneak_time":1452,"minecraft:walk_under_water_one_cm":72,"minecraft:jump":809,"minecraft:leave_game":4,"minecraft:walk_on_water_one_cm":1604,"minecraft:time_since_death":2776,"minecraft:sleep_in_bed":1,"minecraft:fall_one_cm":23467},"minecraft:used":{"minecraft:dark_oak_log":2,"minecraft:bread":1,"minecraft:cyan_bed":3,"minecraft:dirt":14},"minecraft:crafted":{"minecraft:crafting_table":1,"minecraft:stick":4,"minecraft:birch_planks":56},"minecraft:killed_by":{"iceandfire:ghost":2,"minecraft:skeleton":1}},"DataVersion":2586}