{"stats":{"minecraft:mined":{"minecraft:dark_oak_log":2,"minecraft:crafting_table":2,"minecraft:granite":4,"minecraft:acacia_log":8,"minecraft:grass_block":2,"minecraft:cobblestone":20,"minecraft:tall_grass":2,"minecraft:cyan_bed":6,"minecraft:furnace":1,"minecraft:birch_log":14,"minecraft:yellow_bed":1,"minecraft:grass":59,"minecraft:coal_ore":26,"minecraft:oak_log":6,"minecraft:sunflower":1,"minecraft:dirt":35,"minecraft:stone":8,"minecraft:oak_leaves":1,"minecraft:green_bed":1},"minecraft:dropped":{"alexsmobs:maggot":2,"minecraft:wheat_seeds":2,"minecraft:rotten_flesh":3,"minecraft:oak_planks":12,"minecraft:iron_hoe":4,"minecraft:stick":2,"minecraft:torch":1,"minecraft:andesite":4,"minecraft:sunflower":3},"minecraft:killed":{"alexsmobs:hummingbird":1,"alexsmobs:raccoon":1,"minecraft:spider":1,"tconstruct:sky_slime":13,"alexsmobs:emu":2,"minecraft:zombie":1,"minecraft:chicken":1,"alexsmobs:gazelle":5,"minecraft:blaze":1},"minecraft:picked_up":{"minecraft:birch_log":14,"minecraft:crafting_table":3,"minecraft:wheat":2,"minecraft:feather":3,"minecraft:chicken":1,"minecraft:andesite":4,"tconstruct:materials_and_you":1,"minecraft:birch_planks":50,"minecraft:oak_log":7,"minecraft:yellow_bed":1,"alexsmobs:gazelle_horn":3,"minecraft:string":1,"minecraft:dirt":49,"chococraft:chocobo_feather":4,"minecraft:bone":1,"alexsmobs:emu_feather":2,"minecraft:wheat_seeds":32,"minecraft:cooked_chicken":1,"minecraft:iron_ore":23,"minecraft:oak_planks":4,"minecraft:green_dye":1,"minecraft:stick":4,"minecraft:cooked_porkchop":1,"minecraft:acacia_log":8,"minecraft:dandelion":2,"minecraft:torch":1,"minecraft:green_bed":2,"minecraft:cyan_bed":4,"minecraft:dark_oak_log":2,"alexsmobs:animal_dictionary":1,"spartanweaponry:longsword_iron":1,"minecraft:iron_hoe":5,"tconstruct:sky_slime_ball":5,"minecraft:arrow":2,"minecraft:cactus":6,"minecraft:rotten_flesh":6,"waystones:waystone":1,"minecraft:granite":4,"minecraft:bread":15,"alexsmobs:maggot":2,"minecraft:oak_sapling":7,"minecraft:blaze_rod":1,"minecraft:mutton":3,"minecraft:coal":26,"minecraft:cobblestone":26,"minecraft:sunflower":8},"minecraft:custom":{"minecraft:interact_with_furnace":19,"minecraft:mob_kills":27,"minecraft:interact_with_crafting_table":5,"minecraft:play_one_minute":40892,"minecraft:leave_game":4,"minecraft:time_since_death":23961,"minecraft:sleep_in_bed":5,"minecraft:time_since_rest":10146,"minecraft:waystone_activated":1,"minecraft:sprint_one_cm":136621,"minecraft:damage_taken":1362,"minecraft:walk_one_cm":68819,"minecraft:drop":28,"minecraft:damage_dealt":2100,"minecraft:swim_one_cm":966,"minecraft:fly_one_cm":340466,"minecraft:open_chest":2,"minecraft:crouch_one_cm":16015,"minecraft:deaths":4,"minecraft:sneak_time":5849,"minecraft:walk_under_water_one_cm":2090,"minecraft:jump":1528,"minecraft:walk_on_water_one_cm":4533,"minecraft:fall_one_cm":44005},"minecraft:used":{"minecraft:oak_planks":3,"minecraft:cooked_chicken":1,"minecraft:rotten_flesh":1,"minecraft:torch":4,"minecraft:dirt":44,"minecraft:crafting_table":1,"minecraft:iron_hoe":108,"waystones:waystone":1,"minecraft:iron_axe":11,"minecraft:dark_oak_log":2,"minecraft:sunflower":5,"minecraft:cyan_bed":4,"minecraft:bread":8,"minecraft:iron_pickaxe":63,"minecraft:cobblestone":19,"spartanweaponry:longsword_iron":41,"minecraft:cooked_porkchop":1},"minecraft:crafted":{"minecraft:oak_planks":24,"minecraft:crafting_table":1,"minecraft:birch_planks":56,"minecraft:air":0,"minecraft:iron_chestplate":1,"minecraft:iron_boots":1,"minecraft:iron_axe":1,"minecraft:stick":20,"minecraft:iron_ingot":20,"minecraft:iron_pickaxe":1,"minecraft:acacia_planks":32,"minecraft:torch":40},"minecraft:killed_by":{"minecraft:skeleton":1,"minecraft:enderman":1,"iceandfire:ghost":2}},"DataVersion":2586}