{"stats":{"minecraft:mined":{"tconstruct:copper_ore":6,"minecraft:diamond_ore":8,"iceandfire:silver_ore":11,"minecraft:dark_oak_log":2,"minecraft:crafting_table":3,"minecraft:granite":18,"minecraft:acacia_log":8,"minecraft:grass_block":2,"minecraft:cobblestone":20,"minecraft:tall_grass":2,"iceandfire:amythest_ore":1,"minecraft:cyan_bed":6,"minecraft:diorite":28,"minecraft:wall_torch":1,"minecraft:redstone_ore":10,"minecraft:iron_ore":3,"minecraft:furnace":1,"minecraft:birch_log":14,"minecraft:andesite":11,"minecraft:yellow_bed":1,"minecraft:grass":59,"minecraft:coal_ore":81,"minecraft:oak_log":6,"minecraft:gravel":4,"minecraft:sunflower":1,"minecraft:dirt":35,"minecraft:stone":246,"minecraft:oak_leaves":1,"minecraft:green_bed":1},"minecraft:dropped":{"alexsmobs:maggot":2,"minecraft:wheat_seeds":2,"minecraft:rotten_flesh":3,"minecraft:oak_planks":12,"minecraft:iron_hoe":4,"minecraft:stick":2,"minecraft:torch":1,"minecraft:andesite":4,"minecraft:sunflower":3,"minecraft:arrow":2},"minecraft:killed":{"alexsmobs:hummingbird":1,"alexsmobs:raccoon":1,"minecraft:spider":1,"tconstruct:sky_slime":13,"alexsmobs:emu":2,"minecraft:zombie":1,"minecraft:chicken":1,"alexsmobs:gazelle":5,"minecraft:blaze":1},"minecraft:picked_up":{"minecraft:birch_log":14,"minecraft:lime_bed":1,"minecraft:crafting_table":4,"minecraft:wheat":2,"minecraft:feather":3,"minecraft:chicken":1,"iceandfire:copper_ore":7,"minecraft:andesite":15,"tconstruct:materials_and_you":2,"minecraft:birch_planks":50,"minecraft:gold_block":1,"inventorypets:nugget_lapis":4,"minecraft:flint":2,"waystones:sandy_waystone":1,"minecraft:oak_log":7,"minecraft:yellow_bed":1,"minecraft:shield":1,"alexsmobs:gazelle_horn":3,"minecraft:string":1,"minecraft:dirt":55,"minecraft:iron_leggings":1,"minecraft:flint_and_steel":1,"chococraft:chocobo_feather":5,"minecraft:bone":4,"iceandfire:amythest_gem":1,"alexsmobs:emu_feather":2,"minecraft:wheat_seeds":38,"minecraft:bucket":1,"minecraft:iron_ingot":24,"minecraft:cooked_chicken":1,"minecraft:iron_ore":90,"minecraft:iron_nugget":6,"minecraft:iron_pickaxe":1,"minecraft:iron_boots":1,"minecraft:sugar_cane":59,"minecraft:furnace":1,"minecraft:oak_planks":11,"minecraft:green_dye":1,"minecraft:golden_helmet":1,"minecraft:stick":4,"tconstruct:copper_ore":6,"minecraft:cooked_porkchop":1,"iceandfire:silver_ore":11,"minecraft:gravel":4,"minecraft:acacia_log":8,"minecraft:dandelion":3,"minecraft:torch":13,"minecraft:green_bed":2,"chococraft:gysahl_green_seeds":1,"minecraft:diorite":28,"minecraft:redstone":63,"minecraft:cyan_bed":4,"minecraft:golden_chestplate":1,"minecraft:dark_oak_log":2,"alexsmobs:animal_dictionary":2,"spartanweaponry:longsword_iron":1,"minecraft:stone_sword":1,"minecraft:iron_hoe":5,"tconstruct:sky_slime_ball":21,"minecraft:arrow":12,"minecraft:cactus":6,"minecraft:rotten_flesh":6,"minecraft:diamond":8,"waystones:waystone":2,"minecraft:hay_block":24,"minecraft:granite":18,"minecraft:gold_ingot":2,"minecraft:bread":28,"alexsmobs:maggot":2,"inventorypets:nugget_diamond":4,"minecraft:oak_sapling":7,"minecraft:blaze_rod":1,"minecraft:mutton":3,"minecraft:coal":147,"minecraft:cobblestone":261,"minecraft:sunflower":8},"minecraft:broken":{"minecraft:iron_pickaxe":1},"minecraft:custom":{"minecraft:interact_with_furnace":19,"minecraft:mob_kills":27,"minecraft:interact_with_crafting_table":7,"minecraft:play_one_minute":52892,"minecraft:leave_game":4,"minecraft:time_since_death":35961,"minecraft:sleep_in_bed":6,"minecraft:time_since_rest":8905,"minecraft:waystone_activated":1,"minecraft:sprint_one_cm":150741,"minecraft:damage_taken":1362,"minecraft:walk_one_cm":80579,"minecraft:drop":29,"minecraft:damage_dealt":2100,"minecraft:swim_one_cm":2935,"minecraft:fly_one_cm":345778,"minecraft:open_chest":8,"minecraft:crouch_one_cm":38008,"minecraft:deaths":4,"minecraft:sneak_time":11485,"minecraft:walk_under_water_one_cm":3012,"minecraft:jump":1596,"minecraft:walk_on_water_one_cm":7745,"minecraft:fall_one_cm":44543},"minecraft:used":{"minecraft:diorite":8,"minecraft:oak_planks":3,"minecraft:chest":2,"minecraft:cooked_chicken":1,"minecraft:rotten_flesh":1,"minecraft:torch":13,"minecraft:dirt":44,"minecraft:crafting_table":3,"minecraft:iron_hoe":108,"waystones:waystone":1,"minecraft:diamond_pickaxe":200,"minecraft:iron_axe":12,"minecraft:dark_oak_log":2,"minecraft:sunflower":5,"minecraft:cyan_bed":4,"minecraft:bread":8,"minecraft:iron_pickaxe":250,"minecraft:gravel":2,"minecraft:cobblestone":19,"spartanweaponry:longsword_iron":41,"minecraft:cooked_porkchop":1,"minecraft:yellow_bed":1},"minecraft:crafted":{"minecraft:oak_planks":24,"minecraft:crafting_table":2,"minecraft:birch_planks":56,"minecraft:air":0,"minecraft:iron_chestplate":1,"minecraft:iron_boots":1,"minecraft:diamond_pickaxe":1,"minecraft:iron_axe":1,"minecraft:stick":24,"minecraft:iron_ingot":20,"minecraft:iron_pickaxe":1,"minecraft:chest":2,"minecraft:acacia_planks":32,"minecraft:torch":40},"minecraft:killed_by":{"minecraft:skeleton":1,"minecraft:enderman":1,"iceandfire:ghost":2}},"DataVersion":2586}