{"stats":{"minecraft:mined":{"minecraft:birch_log":14,"minecraft:cyan_bed":1,"minecraft:green_bed":1},"minecraft:picked_up":{"minecraft:birch_log":14,"minecraft:green_bed":1,"minecraft:cyan_bed":1},"minecraft:custom":{"minecraft:open_chest":2,"minecraft:time_since_rest":4892,"minecraft:play_one_minute":4892,"minecraft:crouch_one_cm":2323,"minecraft:sprint_one_cm":21561,"minecraft:damage_taken":20,"minecraft:walk_one_cm":3347,"minecraft:sneak_time":698,"minecraft:walk_under_water_one_cm":25,"minecraft:jump":179,"minecraft:leave_game":4,"minecraft:time_since_death":4892,"minecraft:walk_on_water_one_cm":1425,"minecraft:swim_one_cm":664,"minecraft:fall_one_cm":4853,"minecraft:fly_one_cm":49332},"minecraft:used":{"minecraft:bread":1},"minecraft:crafted":{"minecraft:birch_planks":56,"minecraft:crafting_table":1,"minecraft:stick":4}},"DataVersion":2586}