{"stats":{"minecraft:mined":{"minecraft:diamond_ore":8,"iceandfire:silver_ore":19,"minecraft:dark_oak_log":2,"minecraft:granite":74,"minecraft:acacia_log":8,"minecraft:grass_block":2,"minecraft:redstone_ore":25,"minecraft:furnace":1,"minecraft:iron_ore":16,"minecraft:andesite":39,"minecraft:stone":744,"minecraft:green_bed":1,"tconstruct:copper_ore":6,"minecraft:crafting_table":3,"minecraft:tall_grass":2,"minecraft:cobblestone":20,"iceandfire:amythest_ore":1,"minecraft:cyan_bed":6,"minecraft:diorite":39,"minecraft:wall_torch":1,"minecraft:birch_log":14,"minecraft:yellow_bed":1,"minecraft:grass":59,"minecraft:oak_log":6,"minecraft:coal_ore":105,"minecraft:sunflower":1,"minecraft:gravel":17,"minecraft:dirt":75,"minecraft:gold_ore":8,"minecraft:oak_leaves":1},"minecraft:dropped":{"minecraft:wheat_seeds":2,"minecraft:stick":2,"minecraft:torch":1,"minecraft:sunflower":3,"iceandfire:amythest_gem":1,"alexsmobs:maggot":2,"minecraft:rotten_flesh":3,"minecraft:oak_planks":12,"minecraft:iron_hoe":4,"minecraft:andesite":4,"minecraft:arrow":2},"minecraft:killed":{"alexsmobs:hummingbird":1,"alexsmobs:raccoon":1,"minecraft:spider":2,"tconstruct:sky_slime":13,"minecraft:skeleton":1,"minecraft:chicken":1,"alexsmobs:emu":2,"minecraft:zombie":3,"alexsmobs:gazelle":5,"minecraft:blaze":1},"minecraft:picked_up":{"minecraft:crafting_table":4,"minecraft:wheat":2,"minecraft:chicken":1,"iceandfire:copper_ore":7,"tconstruct:materials_and_you":2,"minecraft:gold_block":1,"inventorypets:nugget_lapis":4,"minecraft:shield":1,"alexsmobs:gazelle_horn":3,"minecraft:string":1,"minecraft:flint_and_steel":1,"minecraft:iron_leggings":1,"iceandfire:amythest_gem":1,"alexsmobs:emu_feather":2,"minecraft:bucket":1,"minecraft:iron_nugget":6,"minecraft:iron_pickaxe":1,"minecraft:sugar_cane":59,"minecraft:iron_boots":1,"minecraft:furnace":1,"minecraft:golden_helmet":1,"minecraft:stick":4,"minecraft:torch":14,"minecraft:green_bed":2,"minecraft:acacia_log":8,"iceandfire:silver_ore":19,"minecraft:diorite":39,"minecraft:redstone":129,"minecraft:golden_chestplate":1,"minecraft:cactus":6,"tconstruct:sky_slime_ball":21,"minecraft:stone_sword":1,"minecraft:arrow":12,"minecraft:rotten_flesh":6,"minecraft:hay_block":24,"minecraft:gold_ingot":2,"minecraft:blaze_rod":1,"minecraft:mutton":3,"minecraft:cobblestone":758,"minecraft:birch_log":14,"minecraft:lime_bed":1,"minecraft:feather":3,"minecraft:andesite":43,"minecraft:birch_planks":50,"minecraft:flint":4,"waystones:sandy_waystone":1,"minecraft:oak_log":7,"minecraft:yellow_bed":1,"minecraft:dirt":95,"chococraft:chocobo_feather":5,"minecraft:bone":5,"minecraft:wheat_seeds":38,"minecraft:iron_ingot":24,"minecraft:cooked_chicken":1,"minecraft:iron_ore":103,"minecraft:oak_planks":11,"minecraft:green_dye":1,"tconstruct:copper_ore":6,"minecraft:cooked_porkchop":1,"minecraft:dandelion":3,"minecraft:gravel":15,"chococraft:gysahl_green_seeds":1,"minecraft:cyan_bed":4,"minecraft:gold_ore":8,"minecraft:dark_oak_log":2,"alexsmobs:animal_dictionary":2,"spartanweaponry:longsword_iron":1,"minecraft:iron_hoe":5,"minecraft:diamond":8,"waystones:waystone":2,"minecraft:granite":74,"minecraft:bread":28,"alexsmobs:maggot":2,"minecraft:oak_sapling":7,"inventorypets:nugget_diamond":4,"minecraft:coal":171,"minecraft:sunflower":8},"minecraft:broken":{"minecraft:iron_pickaxe":1},"minecraft:custom":{"minecraft:mob_kills":31,"minecraft:interact_with_crafting_table":7,"minecraft:leave_game":4,"minecraft:time_since_death":53961,"minecraft:sprint_one_cm":178663,"minecraft:walk_one_cm":97198,"minecraft:drop":30,"minecraft:deaths":4,"minecraft:sneak_time":21480,"minecraft:walk_under_water_one_cm":3012,"minecraft:jump":1718,"minecraft:walk_on_water_one_cm":7745,"minecraft:interact_with_furnace":20,"minecraft:play_one_minute":70892,"minecraft:sleep_in_bed":6,"minecraft:time_since_rest":26905,"minecraft:waystone_activated":1,"minecraft:damage_taken":1556,"minecraft:damage_dealt":2978,"minecraft:swim_one_cm":2935,"minecraft:fly_one_cm":359743,"minecraft:open_chest":8,"minecraft:crouch_one_cm":84753,"minecraft:fall_one_cm":44963},"minecraft:used":{"minecraft:chest":2,"minecraft:cooked_chicken":1,"minecraft:rotten_flesh":1,"minecraft:torch":37,"minecraft:dirt":44,"minecraft:iron_hoe":120,"minecraft:iron_axe":12,"minecraft:furnace":1,"minecraft:diorite":8,"minecraft:oak_planks":3,"minecraft:crafting_table":4,"waystones:waystone":1,"minecraft:diamond_pickaxe":904,"minecraft:dark_oak_log":2,"minecraft:sunflower":5,"minecraft:bread":11,"minecraft:cyan_bed":4,"minecraft:iron_pickaxe":250,"minecraft:gravel":3,"minecraft:cobblestone":24,"spartanweaponry:longsword_iron":70,"minecraft:cooked_porkchop":1,"minecraft:yellow_bed":1},"minecraft:crafted":{"minecraft:oak_planks":24,"minecraft:iron_boots":1,"minecraft:iron_axe":1,"minecraft:chest":2,"minecraft:crafting_table":2,"minecraft:birch_planks":56,"minecraft:air":0,"minecraft:iron_chestplate":1,"minecraft:diamond_pickaxe":1,"minecraft:stick":24,"minecraft:iron_pickaxe":1,"minecraft:iron_ingot":20,"minecraft:acacia_planks":32,"minecraft:torch":40},"minecraft:killed_by":{"minecraft:enderman":1,"minecraft:skeleton":1,"iceandfire:ghost":2}},"DataVersion":2586}