{"stats":{"minecraft:killed_by":{"iceandfire:ghost":1},"minecraft:custom":{"minecraft:jump":467,"minecraft:time_since_rest":3243,"minecraft:leave_game":1,"minecraft:crouch_one_cm":3433,"minecraft:play_one_minute":7570,"minecraft:deaths":1,"minecraft:sprint_one_cm":32249,"minecraft:damage_taken":360,"minecraft:time_since_death":3215,"minecraft:walk_one_cm":6053,"minecraft:sneak_time":597,"minecraft:trigger_trapped_chest":1,"minecraft:fall_one_cm":15069,"minecraft:fly_one_cm":130755},"minecraft:mined":{"minecraft:spruce_leaves":3,"minecraft:vine":1},"minecraft:used":{"minecraft:cobweb":1}},"DataVersion":2586}