{"stats":{"minecraft:mined":{"minecraft:diamond_ore":8,"iceandfire:silver_ore":21,"minecraft:dark_oak_log":2,"minecraft:granite":74,"minecraft:acacia_log":8,"minecraft:grass_block":2,"minecraft:redstone_ore":40,"minecraft:furnace":2,"iceandfire:copper_ore":5,"minecraft:iron_ore":43,"minecraft:andesite":39,"minecraft:stone":756,"minecraft:green_bed":1,"tconstruct:copper_ore":17,"minecraft:crafting_table":4,"minecraft:torch":12,"minecraft:tall_grass":2,"minecraft:cobblestone":27,"iceandfire:amythest_ore":1,"minecraft:cyan_bed":6,"minecraft:diorite":40,"minecraft:wall_torch":4,"minecraft:birch_log":14,"minecraft:yellow_bed":1,"minecraft:grass":59,"minecraft:oak_log":6,"minecraft:coal_ore":105,"minecraft:sunflower":1,"minecraft:gravel":17,"minecraft:dirt":75,"minecraft:gold_ore":40,"minecraft:oak_leaves":1},"minecraft:dropped":{"minecraft:wheat_seeds":2,"minecraft:cobblestone":256,"minecraft:granite":64,"minecraft:stick":2,"minecraft:diorite":12,"minecraft:torch":1,"minecraft:sunflower":3,"iceandfire:amythest_gem":1,"alexsmobs:maggot":2,"minecraft:iron_nugget":6,"minecraft:rotten_flesh":5,"minecraft:oak_planks":12,"minecraft:iron_hoe":5,"minecraft:andesite":43,"minecraft:arrow":2},"minecraft:killed":{"alexsmobs:hummingbird":1,"alexsmobs:tarantula_hawk":1,"alexsmobs:raccoon":1,"minecraft:spider":3,"tconstruct:sky_slime":13,"minecraft:skeleton":7,"minecraft:chicken":1,"alexsmobs:centipede_head":1,"alexsmobs:emu":2,"alexsmobs:cockroach":1,"minecraft:zombie":4,"alexsmobs:gazelle":5,"minecraft:enderman":1,"minecraft:blaze":1},"minecraft:picked_up":{"minecraft:crafting_table":5,"minecraft:wheat":2,"minecraft:chicken":1,"iceandfire:copper_ore":12,"tconstruct:materials_and_you":2,"minecraft:gold_block":1,"inventorypets:nugget_lapis":4,"minecraft:shield":1,"alexsmobs:gazelle_horn":3,"minecraft:string":2,"minecraft:flint_and_steel":1,"minecraft:iron_leggings":1,"iceandfire:amythest_gem":1,"alexsmobs:emu_feather":2,"minecraft:bucket":1,"minecraft:iron_nugget":6,"minecraft:iron_pickaxe":1,"minecraft:sugar_cane":59,"minecraft:iron_boots":1,"minecraft:furnace":2,"minecraft:golden_helmet":1,"minecraft:stick":4,"minecraft:torch":30,"minecraft:green_bed":2,"minecraft:acacia_log":8,"iceandfire:silver_ore":23,"minecraft:diorite":40,"minecraft:redstone":195,"minecraft:golden_chestplate":1,"alexsmobs:centipede_leg":2,"minecraft:cactus":6,"tconstruct:sky_slime_ball":21,"minecraft:stone_sword":1,"minecraft:arrow":22,"minecraft:rotten_flesh":8,"minecraft:hay_block":24,"minecraft:gold_ingot":2,"minecraft:blaze_rod":1,"minecraft:mutton":3,"minecraft:cobblestone":788,"minecraft:birch_log":14,"minecraft:lime_bed":1,"minecraft:feather":3,"minecraft:andesite":43,"minecraft:birch_planks":50,"minecraft:flint":4,"waystones:sandy_waystone":1,"minecraft:oak_log":7,"minecraft:yellow_bed":1,"minecraft:dirt":95,"chococraft:chocobo_feather":5,"minecraft:bone":13,"minecraft:wheat_seeds":38,"minecraft:iron_ingot":24,"minecraft:cooked_chicken":1,"minecraft:iron_ore":137,"minecraft:oak_planks":11,"minecraft:green_dye":1,"tconstruct:copper_ore":17,"minecraft:cooked_porkchop":1,"minecraft:dandelion":3,"minecraft:gravel":16,"chococraft:gysahl_green_seeds":1,"minecraft:cyan_bed":4,"minecraft:gold_ore":40,"minecraft:dark_oak_log":2,"alexsmobs:animal_dictionary":2,"spartanweaponry:longsword_iron":1,"minecraft:iron_hoe":5,"minecraft:diamond":8,"waystones:waystone":2,"minecraft:granite":74,"minecraft:bread":28,"alexsmobs:maggot":2,"minecraft:oak_sapling":7,"inventorypets:nugget_diamond":4,"minecraft:coal":231,"minecraft:sunflower":8},"minecraft:broken":{"minecraft:iron_pickaxe":1,"spartanweaponry:longsword_iron":1},"minecraft:custom":{"minecraft:mob_kills":44,"minecraft:interact_with_crafting_table":15,"minecraft:leave_game":4,"minecraft:time_since_death":77961,"minecraft:sprint_one_cm":295921,"minecraft:walk_one_cm":135331,"minecraft:drop":41,"minecraft:deaths":4,"minecraft:sneak_time":23930,"minecraft:walk_under_water_one_cm":3012,"minecraft:jump":2286,"minecraft:walk_on_water_one_cm":25278,"minecraft:interact_with_furnace":25,"minecraft:play_one_minute":94892,"minecraft:sleep_in_bed":6,"minecraft:time_since_rest":50905,"minecraft:waystone_activated":1,"minecraft:damage_taken":2295,"minecraft:damage_dealt":5676,"minecraft:swim_one_cm":2935,"minecraft:fly_one_cm":443952,"minecraft:open_chest":10,"minecraft:crouch_one_cm":93373,"minecraft:fall_one_cm":55132},"minecraft:used":{"minecraft:chest":2,"minecraft:iron_sword":50,"minecraft:cooked_chicken":1,"minecraft:rotten_flesh":4,"minecraft:torch":108,"minecraft:dirt":44,"minecraft:acacia_button":2,"minecraft:iron_hoe":120,"minecraft:iron_axe":13,"minecraft:furnace":2,"minecraft:diorite":8,"minecraft:iron_ore":1,"minecraft:oak_planks":3,"minecraft:cobblestone_slab":6,"minecraft:crafting_table":6,"waystones:waystone":1,"minecraft:diamond_pickaxe":1018,"minecraft:dark_oak_log":2,"minecraft:sunflower":5,"minecraft:bread":26,"minecraft:cyan_bed":4,"minecraft:iron_pickaxe":250,"minecraft:gravel":3,"minecraft:cobblestone":155,"spartanweaponry:longsword_iron":76,"minecraft:cooked_porkchop":1,"minecraft:bucket":1,"minecraft:yellow_bed":1},"minecraft:crafted":{"minecraft:oak_planks":24,"minecraft:cobblestone_slab":6,"minecraft:furnace":1,"minecraft:iron_boots":1,"minecraft:iron_axe":1,"minecraft:chest":2,"minecraft:crafting_table":3,"minecraft:iron_helmet":1,"minecraft:iron_sword":1,"minecraft:bucket":1,"minecraft:acacia_button":2,"minecraft:birch_planks":56,"minecraft:air":0,"minecraft:iron_chestplate":1,"minecraft:diamond_pickaxe":1,"minecraft:stick":36,"minecraft:iron_pickaxe":1,"minecraft:iron_ingot":46,"minecraft:iron_leggings":1,"minecraft:acacia_planks":32,"minecraft:torch":84},"minecraft:killed_by":{"minecraft:enderman":1,"minecraft:skeleton":1,"iceandfire:ghost":2}},"DataVersion":2586}