{"stats":{"minecraft:mined":{"minecraft:dark_oak_log":2,"minecraft:crafting_table":1,"minecraft:tall_grass":2,"minecraft:cyan_bed":6,"minecraft:furnace":1,"minecraft:birch_log":14,"minecraft:grass":54,"minecraft:oak_log":6,"minecraft:sunflower":1,"minecraft:oak_leaves":1,"minecraft:green_bed":1},"minecraft:dropped":{"alexsmobs:maggot":2,"minecraft:wheat_seeds":2,"minecraft:rotten_flesh":3,"minecraft:oak_planks":12,"minecraft:iron_hoe":4,"minecraft:stick":2,"minecraft:torch":1,"minecraft:andesite":4,"minecraft:sunflower":3},"minecraft:killed":{"alexsmobs:hummingbird":1,"alexsmobs:raccoon":1,"minecraft:zombie":1,"minecraft:chicken":1},"minecraft:picked_up":{"minecraft:birch_log":14,"minecraft:crafting_table":2,"minecraft:wheat":2,"minecraft:feather":2,"minecraft:chicken":1,"minecraft:andesite":4,"tconstruct:materials_and_you":1,"minecraft:birch_planks":50,"minecraft:oak_log":7,"minecraft:dirt":14,"chococraft:chocobo_feather":4,"minecraft:wheat_seeds":13,"minecraft:cooked_chicken":1,"minecraft:iron_ore":23,"minecraft:oak_planks":4,"minecraft:green_dye":1,"minecraft:stick":4,"minecraft:cooked_porkchop":1,"minecraft:torch":1,"minecraft:green_bed":2,"minecraft:cyan_bed":4,"minecraft:dark_oak_log":2,"alexsmobs:animal_dictionary":1,"spartanweaponry:longsword_iron":1,"minecraft:iron_hoe":5,"minecraft:cactus":6,"minecraft:rotten_flesh":6,"waystones:waystone":1,"minecraft:bread":15,"alexsmobs:maggot":2,"minecraft:oak_sapling":7,"minecraft:sunflower":8},"minecraft:custom":{"minecraft:interact_with_furnace":19,"minecraft:mob_kills":4,"minecraft:interact_with_crafting_table":5,"minecraft:play_one_minute":28892,"minecraft:leave_game":4,"minecraft:time_since_death":11961,"minecraft:sleep_in_bed":1,"minecraft:time_since_rest":11990,"minecraft:waystone_activated":1,"minecraft:sprint_one_cm":103384,"minecraft:damage_taken":1131,"minecraft:walk_one_cm":55504,"minecraft:drop":28,"minecraft:damage_dealt":596,"minecraft:swim_one_cm":966,"minecraft:fly_one_cm":258821,"minecraft:open_chest":2,"minecraft:crouch_one_cm":12917,"minecraft:deaths":4,"minecraft:sneak_time":2994,"minecraft:walk_under_water_one_cm":72,"minecraft:jump":1115,"minecraft:walk_on_water_one_cm":1604,"minecraft:fall_one_cm":31495},"minecraft:used":{"minecraft:cooked_chicken":1,"minecraft:rotten_flesh":1,"minecraft:torch":4,"minecraft:dirt":14,"minecraft:iron_hoe":108,"waystones:waystone":1,"minecraft:iron_axe":1,"minecraft:dark_oak_log":2,"minecraft:sunflower":5,"minecraft:cyan_bed":3,"minecraft:bread":1,"minecraft:iron_pickaxe":1,"spartanweaponry:longsword_iron":7,"minecraft:cooked_porkchop":1},"minecraft:crafted":{"minecraft:oak_planks":24,"minecraft:crafting_table":1,"minecraft:birch_planks":56,"minecraft:air":0,"minecraft:iron_chestplate":1,"minecraft:iron_boots":1,"minecraft:iron_axe":1,"minecraft:stick":12,"minecraft:iron_ingot":20,"minecraft:iron_pickaxe":1,"minecraft:torch":8},"minecraft:killed_by":{"minecraft:skeleton":1,"minecraft:enderman":1,"iceandfire:ghost":2}},"DataVersion":2586}