{
  "tconstruct:tools/materials_and_you": {
    "criteria": {
      "crafted_book": "2024-09-02 05:00:13 +0000"
    },
    "done": true
  },
  "iceandfire:iceandfire/root": {
    "criteria": {
      "tick": "2024-09-02 05:00:14 +0000"
    },
    "done": true
  },
  "inventorypets:root": {
    "criteria": {
      "auto": "2024-09-02 05:00:14 +0000"
    },
    "done": true
  },
  "cataclysm:root": {
    "criteria": {
      "custom_test_name": "2024-09-02 05:00:14 +0000"
    },
    "done": true
  },
  "minecraft:adventure/adventuring_time": {
    "criteria": {
      "minecraft:forest": "2024-09-02 05:00:14 +0000",
      "minecraft:plains": "2024-09-02 05:00:39 +0000"
    },
    "done": false
  },
  "DataVersion": 2586
}