{
  "minecraft:recipes/misc/charcoal": {
    "criteria": {
      "has_log": "2024-08-31 09:27:01 +0000"
    },
    "done": true
  },
  "tconstruct:tools/materials_and_you": {
    "criteria": {
      "crafted_book": "2024-08-31 09:34:03 +0000"
    },
    "done": true
  },
  "minecraft:recipes/building_blocks/oak_planks": {
    "criteria": {
      "has_logs": "2024-08-31 09:27:01 +0000"
    },
    "done": true
  },
  "cataclysm:root": {
    "criteria": {
      "custom_test_name": "2024-08-31 09:34:03 +0000"
    },
    "done": true
  },
  "minecraft:recipes/building_blocks/oak_wood": {
    "criteria": {
      "has_log": "2024-08-31 09:27:01 +0000"
    },
    "done": true
  },
  "minecraft:adventure/adventuring_time": {
    "criteria": {
      "minecraft:desert_hills": "2024-08-31 09:28:42 +0000",
      "minecraft:desert": "2024-08-31 09:28:16 +0000",
      "minecraft:beach": "2024-08-31 09:28:06 +0000",
      "minecraft:river": "2024-08-31 09:28:08 +0000",
      "minecraft:lukewarm_ocean": "2024-08-31 09:36:54 +0000",
      "minecraft:wooded_hills": "2024-08-31 09:26:57 +0000",
      "minecraft:savanna": "2024-08-31 09:35:55 +0000",
      "minecraft:plains": "2024-08-31 09:26:48 +0000"
    },
    "done": false
  },
  "DataVersion": 2586
}